[ERR] Error while processing Bellwright/Content/Mist/Data/Quests/SideQuests/Horndean/CryMeARiver/CryMeARiverQuest_TalkToCalita.uasset: Package has unversioned properties but mapping file is missing, can't serialize
[ERR] Error while processing Bellwright/Content/Mist/Data/Quests/RaidMap/FunAndGames/FunAndGamesQuest_TalkToGarethVander.uasset: Package has unversioned properties but mapping file is missing, can't serialize
[ERR] Error while processing Bellwright/Content/Mist/Data/Codex/World/Resources/CopperOre_CodexEntry.uasset: Package has unversioned properties but mapping file is missing, can't serialize
[ERR] Error while processing Bellwright/Content/Mist/Data/PlayerInput/Player/IA_Player_ToggleFirstPersonCamera.uasset: Package has unversioned properties but mapping file is missing, can't serialize
[ERR] Error while processing Bellwright/Content/Mist/Data/Quests/SideQuests/Padstow/ThePrizePigQuest/ThePrizePig_ReturnMerchant.uasset: Package has unversioned properties but mapping file is missing, can't serialize
[ERR] Error while processing Bellwright/Content/Mist/Data/Raids/RaidThreatTable.uasset: Package has unversioned properties but mapping file is missing, can't serialize
[ERR] Error while processing Bellwright/Content/Mist/Data/Quests/Liberation/BradfordLiberation/SuccessfullLibration/BradfordLiberatedQuest_TalkToElder.uasset: Package has unversioned properties but mapping file is missing, can't serialize
[ERR] Error while processing Bellwright/Content/Mist/Data/StringTables/Tooltips.uasset: Package has unversioned properties but mapping file is missing, can't serialize
[ERR] Error while processing Bellwright/Content/Mist/Data/PlayerInput/Player/IA_Player_ToggleSprint.uasset: Package has unversioned properties but mapping file is missing, can't serialize
[ERR] Error while processing Bellwright/Content/Mist/Data/Codex/World/Resources/GoatCarcass_CodexEntry.uasset: Package has unversioned properties but mapping file is missing, can't serialize
[ERR] Error while processing Bellwright/Content/Mist/Data/Npcs/Templates/NpcManagerProfiles/Quest/HideoutMysteriousIllnessQuest_NpcManagerProfile.uasset: Package has unversioned properties but mapping file is missing, can't serialize
[ERR] Error while processing Bellwright/Content/Mist/Data/Audio/FoliageItemSetting.uasset: Package has unversioned properties but mapping file is missing, can't serialize
[ERR] Error while processing Bellwright/Content/Mist/Data/PlayerInput/Player/IA_Player_MovePitch.uasset: Package has unversioned properties but mapping file is missing, can't serialize
[ERR] Error while processing Bellwright/Content/Mist/Data/ConstructionSite/Elements/Exceptions/CarryingLogWithoutSoftlog.uasset: Package has unversioned properties but mapping file is missing, can't serialize
[ERR] Error while processing Bellwright/Content/Mist/Data/Quests/RaidMap/FunAndGames/FunAndGamesQuest_BringGarrickLetter.uasset: Package has unversioned properties but mapping file is missing, can't serialize
[ERR] Error while processing Bellwright/Content/Mist/Data/Items/Categories/Equipment.uasset: Package has unversioned properties but mapping file is missing, can't serialize
[ERR] Error while processing Bellwright/Content/Mist/Data/Codex/World/Resources/GooseCarcass_CodexEntry.uasset: Package has unversioned properties but mapping file is missing, can't serialize
[ERR] Error while processing Bellwright/Content/Mist/Data/PlayerInput/Player/IA_Player_Jump.uasset: Package has unversioned properties but mapping file is missing, can't serialize
[ERR] Error while processing Bellwright/Content/Mist/Data/ConstructionSite/Elements/Exceptions/WoodenBasement.uasset: Package has unversioned properties but mapping file is missing, can't serialize
[ERR] Error while processing Bellwright/Content/Mist/Data/Codex/World/Resources/Fur_CodexEntry.uasset: Package has unversioned properties but mapping file is missing, can't serialize
[ERR] Error while processing Bellwright/Content/Mist/Data/Items/Categories/TownBuildingWaterGathering.uasset: Package has unversioned properties but mapping file is missing, can't serialize
[ERR] Error while processing Bellwright/Content/Mist/Data/DamageProtection/SoftStructureDamageOverride.uasset: Package has unversioned properties but mapping file is missing, can't serialize
[ERR] Error while processing Bellwright/Content/Mist/Data/PlayerInput/Command/IA_Command_HoldFormation.uasset: Package has unversioned properties but mapping file is missing, can't serialize
[ERR] Error while processing Bellwright/Content/Mist/Data/Codex/World/Resources/Olive_CodexEntry.uasset: Package has unversioned properties but mapping file is missing, can't serialize
[ERR] Error while processing Bellwright/Content/Mist/Data/Audio/WoodItemSetting.uasset: Package has unversioned properties but mapping file is missing, can't serialize
[ERR] Error while processing Bellwright/Content/Mist/Data/DamageProtection/ChestDamageOverride.uasset: Package has unversioned properties but mapping file is missing, can't serialize
[ERR] Error while processing Bellwright/Content/Mist/Data/PlayerInput/Command/IA_Command_Cancel.uasset: Package has unversioned properties but mapping file is missing, can't serializeersioned properties but mapping file is missing, can't serialize
ng file is missing, can't serialize
[ERR] Error while processing Bellwright/Content/Mist/Data/PlayerInput/Command/IA_Command_HoldFormation
[ERR] Error while processing Bellwright/Content/Mist/Data/Npcs/Templates/NpcManagerProfiles/Quest/CultResearcherQuestNPCManagerProfile.uasset: Package has unversioned properties but mapping file is missing, can't serialize
[ERR] Error while processing Bellwright/Content/Mist/Data/Codex/World/Resources/BearCarcass_CodexEntry.uasset: Package has unversioned properties but mapping file is missing, can't serialize
[ERR] Error while processing Bellwright/Content/Mist/Data/Items/BrokenItems/BrokenTownsfolkTunic_3_Auto.uasset: Package has unversioned properties but mapping file is missing, can't serialize
[ERR] Error while processing Bellwright/Content/Mist/Data/Items/Categories/Resources.uasset: Package has unversioned properties but mapping file is missing, can't serialize
[ERR] Error while processing Bellwright/Content/Mist/Data/Characters/Customization/Hair/Hair_ManBun.uasset: Package has unversioned properties but mapping file is missing, can't serialize
[ERR] Error while processing Bellwright/Content/Mist/Data/Codex/World/Resources/IronRock_CodexEntry.uasset: Package has unversioned properties but mapping file is missing, can't serialize
[ERR] Error while processing Bellwright/Content/Mist/Data/PlayerInput/Command/IA_Command_SquadSwitch.uasset: Package has unversioned properties but mapping file is missing, can't serialize
[ERR] Error while processing Bellwright/Content/Mist/Data/Items/BrokenItems/BrokenCrusaderHelmet_Auto.uasset: Package has unversioned properties but mapping file is missing, can't serialize
[ERR] Error while processing Bellwright/Content/Mist/Data/ConstructionSite/Elements/Tier2/SteeledWoodBeam.uasset: Package has unversioned properties but mapping file is missing, can't serialize
[ERR] Error while processing Bellwright/Content/Mist/Data/Characters/Customization/Hair/Hair_Female_Serath.uasset: Package has unversioned properties but mapping file is missing, can't serialize
[ERR] Error while processing Bellwright/Content/Mist/Data/Codex/World/Resources/FoxCarcass_CodexEntry.uasset: Package has unversioned properties but mapping file is missing, can't serialize
[ERR] Error while processing Bellwright/Content/Mist/Data/Items/Categories/Liquids.uasset: Package has unversioned properties but mapping file is missing, can't serialize
[ERR] Error while processing Bellwright/Content/Mist/Data/Items/BrokenItems/BrokenFarmerHat2_Auto.uasset: Package has unversioned properties but mapping file is missing, can't serialize
[ERR] Error while processing Bellwright/Content/Mist/Data/PlayerInput/Command/IA_Command_Order.uasset: Package has unversioned properties but mapping file is missing, can't serialize
[ERR] Error while processing Bellwright/Content/Mist/Data/Characters/Customization/Hair/Hair_Medium_Layered.uasset: Package has unversioned properties but mapping file is missing, can't serialize
[ERR] Error while processing Bellwright/Content/Mist/Data/ConstructionSite/Elements/Tier2/HayPlankChunks.uasset: Package has unversioned properties but mapping file is missing, can't serialize
[ERR] Error while processing Bellwright/Content/Mist/Data/PlayerInput/Command/IA_Command_Radius.uasset: Package has unversioned properties but mapping file is missing, can't serialize
[ERR] Error while processing Bellwright/Content/Mist/Data/Items/Categories/Seeds.uasset: Package has unversioned properties but mapping file is missing, can't serialize
[ERR] Error while processing Bellwright/Content/Mist/Data/Items/BrokenItems/BrokenReinforcedLeatherShoes_Auto.uasset: Package has unversioned properties but mapping file is missing, can't serialize
[ERR] Error while processing Bellwright/Content/Mist/Data/Quests/Liberation/BradfordLiberation/SuccessfullLibration/BradfordLiberatedQuest.uasset: Package has unversioned properties but mapping file is missing, can't serializesBigHatQuest_NPC_Menager_Profile.uasset: Package has unversioned properties but mapping file is missing, can't serialize
ments/Tier2/HayPlankChunks.uasset: Package has unversioned properties but mapping file is missing, can't serial
[ERR] Error while processing Bellwright/Content/Mist/Data/DamageTypes/MeleePickaxeDamage.uasset: Package has unversioned properties but mapping file is missing, can't serialize
[ERR] Error while processing Bellwright/Content/Mist/Data/ConstructionSite/Elements/Tier2/PallisadeWallRope.uasset: Package has unversioned properties but mapping file is missing, can't serialize
[ERR] Error while processing Bellwright/Content/Mist/Data/Items/Categories/Tools.uasset: Package has unversioned properties but mapping file is missing, can't serialize
[ERR] Error while processing Bellwright/Content/Mist/Data/Codex/World/Resources/FishScale_CodexEntry.uasset: Package has unversioned properties but mapping file is missing, can't serialize
[ERR] Error while processing Bellwright/Content/Mist/Data/Items/BrokenItems/BrokenEliteBrigandTorso_01_Auto.uasset: Package has unversioned properties but mapping file is missing, can't serialize
[ERR] Error while processing Bellwright/Content/Mist/Data/Npcs/Templates/NpcManagerProfiles/Quest/GraveyardQuest_NpcManagerProfile.uasset: Package has unversioned properties but mapping file is missing, can't serialize
[ERR] Error while processing Bellwright/Content/Mist/Data/DamageTypes/SpearPiercingDamage.uasset: Package has unversioned properties but mapping file is missing, can't serialize
[ERR] Error while processing Bellwright/Content/Mist/Data/DamageTypes/MeleeBluntTorchDamage.uasset: Package has unversioned properties but mapping file is missing, can't serialize
[ERR] Error while processing Bellwright/Content/Mist/Data/Codex/World/Resources/Resin_CodexEntry.uasset: Package has unversioned properties but mapping file is missing, can't serialize
[ERR] Error while processing Bellwright/Content/Mist/Data/Items/Categories/Ammo.uasset: Package has unversioned properties but mapping file is missing, can't serialize
[ERR] Error while processing Bellwright/Content/Mist/Data/PlayerInput/Command/IA_Command_Follow.uasset: Package has unversioned properties but mapping file is missing, can't serialize
[ERR] Error while processing Bellwright/Content/Mist/Data/Items/BrokenItems/BrokenPathfindersHighBoots_Auto.uasset: Package has unversioned properties but mapping file is missing, can't serialize
[ERR] Error while processing Bellwright/Content/Mist/Data/Quests/Liberation/BradfordLiberation/LiberationAttempt/BradfordLiberationQuest.uasset: Package has unversioned properties but mapping file is missing, can't serialize
[ERR] Error while processing Bellwright/Content/Mist/Data/DamageTypes/BurningStatusEffect.uasset: Package has unversioned properties but mapping file is missing, can't serialize
[ERR] Error while processing Bellwright/Content/Mist/Data/Npcs/Templates/NpcManagerProfiles/Quest/PrisonerEldricNpcManagerProfile.uasset: Package has unversioned properties but mapping file is missing, can't serialize
[ERR] Error while processing Bellwright/Content/Mist/Data/DamageTypes/UnarmedDamage.uasset: Package has unversioned properties but mapping file is missing, can't serialize
[ERR] Error while processing Bellwright/Content/Mist/Data/PlayerInput/Command/IA_Command_Enter.uasset: Package has unversioned properties but mapping file is missing, can't serialize
[ERR] Error while processing Bellwright/Content/Mist/Data/Codex/World/Resources/BoarTusk_CodexEntry.uasset: Package has unversioned properties but mapping file is missing, can't serialize
[ERR] Error while processing Bellwright/Content/Mist/Data/Items/BrokenItems/BrokenTownsfolkTunic_5_Auto.uasset: Package has unversioned properties but mapping file is missing, can't serialize
[ERR] Error while processing Bellwright/Content/Mist/Data/Items/Categories/TownBuildingDefense.uasset: Package has unversioned properties but mapping file is missing, can't serialize
[ERR] Error while processing Bellwright/Content/Mist/Data/DamageTypes/MeleeRepairHammerDamage.uasset: Package has unversioned properties but mapping file is missing, can't serialize
[ERR] Error while processing Bellwright/Content/Mist/Data/DamageTypes/CuttingDamage.uasset: Package has unversioned properties but mapping file is missing, can't serialize
[ERR] Error while processing Bellwright/Content/Mist/Data/Codex/World/Resources/Charcoal_CodexEntry.uasset: Package has unversioned properties but mapping file is missing, can't serialize
[ERR] Error while processing Bellwright/Content/Mist/Data/Items/BrokenItems/BrokenMailRobberArmour_Auto.uasset: Package has unversioned properties but mapping file is missing, can't serialize
[ERR] Error while processing Bellwright/Content/Mist/Data/Items/Categories/TownBuildingStorage.uasset: Package has unversioned properties but mapping file is missing, can't serialize
[ERR] Error while processing Bellwright/Content/Mist/Data/PlayerInput/Command/IA_Command_Wait.uasset: Package has unversioned properties but mapping file is missing, can't serialize
[ERR] Error while processing Bellwright/Content/Mist/Data/Npcs/Templates/NpcManagerProfiles/Quest/WarriorsGuild2Quest_NpcManagerProfile.uasset: Package has unversioned properties but mapping file is missing, can't serialize
[ERR] Error while processing Bellwright/Content/Mist/Data/DamageTypes/PiercingDamageStone.uasset: Package has unversioned properties but mapping file is missing, can't serialize
[ERR] Error while processing Bellwright/Content/Mist/Data/DamageTypes/BluntDamage.uasset: Package has unversioned properties but mapping file is missing, can't serialize
[ERR] Error while processing Bellwright/Content/Mist/Data/Quests/Liberation/BradfordLiberation/LiberationAttempt/BradfordLiberationQuest_TalkToElderStart.uasset: Package has unversioned properties but mapping file is missing, can't serialize
[ERR] Error while processing Bellwright/Content/Mist/Data/ConstructionSite/Elements/Tier2/WoodenPlankTiny.uasset: Package has unversioned properties but mapping file is missing, can't serialize
[ERR] Error while processing Bellwright/Content/Mist/Data/PlayerInput/Command/IA_Command_SquadPrevious.uasset: Package has unversioned properties but mapping file is missing, can't serialize
[ERR] Error while processing Bellwright/Content/Mist/Data/Codex/World/Resources/Wool_CodexEntry.uasset: Package has unversioned properties but mapping file is missing, can't serialize
[ERR] Error while processing Bellwright/Content/Mist/Data/Items/BrokenItems/BrokenBrigandsThickShoes_Auto.uasset: Package has unversioned properties but mapping file is missing, can't serialize
[ERR] Error while processing Bellwright/Content/Mist/Data/Items/Categories/TownBuildingHarvesting.uasset: Package has unversioned properties but mapping file is missing, can't serialize
[ERR] Error while processing Bellwright/Content/Mist/Data/DamageTypes/MeleePiercingDamage.uasset: Package has unversioned properties but mapping file is missing, can't serialize
[ERR] Error while processing Bellwright/Content/Mist/Data/Npcs/Templates/NpcManagerProfiles/Quest/BrigandPrisoner3NpcManagerProfile.uasset: Package has unversioned properties but mapping file is missing, can't serialize
[ERR] Error while processing Bellwright/Content/Mist/Data/DamageTypes/BoltPiercingDamage.uasset: Package has unversioned properties but mapping file is missing, can't serialize
[ERR] Error while processing Bellwright/Content/Mist/Data/PlayerInput/Command/IA_Command_SquadNext.uasset: Package has unversioned properties but mapping file is missing, can't serialize
[ERR] Error while processing Bellwright/Content/Mist/Data/Codex/World/Resources/CottonBolt_CodexEntry.uasset: Package has unversioned properties but mapping file is missing, can't serialize
[ERR] Error while processing Bellwright/Content/Mist/Data/Characters/Customization/Hair/Hair_M_SideSweptFringe.uasset: Package has unversioned properties but mapping file is missing, can't serialize
[ERR] Error while processing Bellwright/Content/Mist/Data/Items/BrokenItems/BrokenRuggedShirt_Auto.uasset: Package has unversioned properties but mapping file is missing, can't serialize
[ERR] Error while processing Bellwright/Content/Mist/Data/DamageTypes/FireDamage.uasset: Package has unversioned properties but mapping file is missing, can't serialize
[ERR] Error while processing Bellwright/Content/Mist/Data/ConstructionSite/Elements/Tier2/HardwoodPlanksLogs.uasset: Package has unversioned properties but mapping file is missing, can't serialize
[ERR] Error while processing Bellwright/Content/Mist/Data/Npcs/Templates/NpcManagerProfiles/Quest/WhereTheLoostLay_Tree_NpcManagerProfile.uasset: Package has unversioned properties but mapping file is missing, can't serialize
[ERR] Error while processing Bellwright/Content/Mist/Data/Items/Categories/Deployable.uasset: Package has unversioned properties but mapping file is missing, can't serialize
[ERR] Error while processing Bellwright/Content/Mist/Data/DamageTypes/MeleeBluntDamage.uasset: Package has unversioned properties but mapping file is missing, can't serialize
[ERR] Error while processing Bellwright/Content/Mist/Data/Codex/World/Resources/CrudeFur_CodexEntry.uasset: Package has unversioned properties but mapping file is missing, can't serialize
[ERR] Error while processing Bellwright/Content/Mist/Data/Items/BrokenItems/BrokenMongolBoots_2_Auto.uasset: Package has unversioned properties but mapping file is missing, can't serialize
[ERR] Error while processing Bellwright/Content/Mist/Data/DamageTypes/MeleeAxeDamage.uasset: Package has unversioned properties but mapping file is missing, can't serialize
[ERR] Error while processing Bellwright/Content/Mist/Data/Items/Categories/Farming.uasset: Package has unversioned properties but mapping file is missing, can't serialize
[ERR] Error while processing Bellwright/Content/Mist/Data/ConstructionSite/Elements/Tier2/TinyWoodenKnob.uasset: Package has unversioned properties but mapping file is missing, can't serialize
[ERR] Error while processing Bellwright/Content/Mist/Data/Codex/World/Resources/SteelIngot_CodexEntry.uasset: Package has unversioned properties but mapping file is missing, can't serialize
[ERR] Error while processing Bellwright/Content/Mist/Data/DamageTypes/KickDamage.uasset: Package has unversioned properties but mapping file is missing, can't serialize
[ERR] Error while processing Bellwright/Content/Mist/Data/Items/BrokenItems/BrokenNomadsBoots_Auto.uasset: Package has unversioned properties but mapping file is missing, can't serialize
[ERR] Error while processing Bellwright/Content/Mist/Data/PlayerInput/Controller/IA_Controller_GameMenu.uasset: Package has unversioned properties but mapping file is missing, can't serialize
[ERR] Error while processing Bellwright/Content/Mist/Data/DamageTypes/MeleeCuttingDamage.uasset: Package has unversioned properties but mapping file is missing, can't serialize
[ERR] Error while processing Bellwright/Content/Mist/Data/Npcs/Templates/NpcManagerProfiles/Quest/LubomirJuiceQuest_NpcManagerProfile.uasset: Package has unversioned properties but mapping file is missing, can't serialize
[ERR] Error while processing Bellwright/Content/Mist/Data/Items/Categories/Decorations.uasset: Package has unversioned properties but mapping file is missing, can't serialize
[ERR] Error while processing Bellwright/Content/Mist/Data/Codex/World/Resources/RamCarcass_CodexEntry.uasset: Package has unversioned properties but mapping file is missing, can't serialize
[ERR] Error while processing Bellwright/Content/Mist/Data/combat/AI/UtilityProcessors/SwitchWeapon.uasset: Package has unversioned properties but mapping file is missing, can't serialize
[ERR] Error while processing Bellwright/Content/Mist/Data/DamageTypes/ArrowPiercingDamage.uasset: Package has unversioned properties but mapping file is missing, can't serialize
[ERR] Error while processing Bellwright/Content/Mist/Data/Npcs/Templates/NpcManagerProfiles/Quest/BrigandPrisoner1NpcManagerProfile.uasset: Package has unversioned properties but mapping file is missing, can't serialize
[ERR] Error while processing Bellwright/Content/Mist/Data/ConstructionSite/Elements/Tier2/WindowBlock.uasset: Package has unversioned properties but mapping file is missing, can't serialize
[ERR] Error while processing Bellwright/Content/Mist/Data/Items/BrokenItems/BrokenMailHauberk_Auto.uasset: Package has unversioned properties but mapping file is missing, can't serialize
[ERR] Error while processing Bellwright/Content/Mist/Data/Items/Categories/TownBuildingAnimalHandling.uasset: Package has unversioned properties but mapping file is missing, can't serialize
[ERR] Error while processing Bellwright/Content/Mist/Data/PlayerInput/Controller/IA_Controller_Codex.uasset: Package has unversioned properties but mapping file is missing, can't serialize
[ERR] Error while processing Bellwright/Content/Mist/Data/Codex/World/Resources/LambCarcass_CodexEntry.uasset: Package has unversioned properties but mapping file is missing, can't serialize
[ERR] Error while processing Bellwright/Content/Mist/Data/combat/AI/UtilityProcessors/FightTarget.uasset: Package has unversioned properties but mapping file is missing, can't serialize
[ERR] Error while processing Bellwright/Content/Mist/Data/Npcs/Templates/NpcManagerProfiles/Quest/LostandPantsless/LostandPantlessQuestMaria_NpcManagerProfile.uasset: Package has unversioned properties but mapping file is missing, can't serialize
[ERR] Error while processing Bellwright/Content/Mist/Data/Items/BrokenItems/BrokenPeasantTunic_1_Auto.uasset: Package has unversioned properties but mapping file is missing, can't serialize
[ERR] Error while processing Bellwright/Content/Mist/Data/Items/Categories/Ammo_Arrows.uasset: Package has unversioned properties but mapping file is missing, can't serialize
[ERR] Error while processing Bellwright/Content/Mist/Data/Npcs/Templates/NpcManagerProfiles/Quest/TheFishermensNets/TheFishermensNetsFishermanNpcManagerProfile.uasset: Package has unversioned properties but mapping file is missing, can't serialize
[ERR] Error while processing Bellwright/Content/Mist/Data/PlayerInput/Controller/IA_Controller_QuickSave.uasset: Package has unversioned properties but mapping file is missing, can't serialize
[ERR] Error while processing Bellwright/Content/Mist/Data/combat/AI/UtilityProcessors/BashMelee.uasset: Package has unversioned properties but mapping file is missing, can't serialize
[ERR] Error while processing Bellwright/Content/Mist/Data/DamageTypes/ThirstDamage.uasset: Package has unversioned properties but mapping file is missing, can't serialize
[ERR] Error while processing Bellwright/Content/Mist/Data/combat/AI/UtilityProcessors/HealAlly.uasset: Package has unversioned properties but mapping file is missing, can't serialize
[ERR] Error while processing Bellwright/Content/Mist/Data/Npcs/Templates/NpcManagerProfiles/Quest/TheFishermensNets/TheFishermensNetsFisherWomanNpcManagerProfile.uasset: Package has unversioned properties but mapping file is missing, can't serialize
[ERR] Error while processing Bellwright/Content/Mist/Data/PlayerInput/Controller/IA_Controller_QuickLoad.uasset: Package has unversioned properties but mapping file is missing, can't serialize
[ERR] Error while processing Bellwright/Content/Mist/Data/Items/BrokenItems/BrokenBrigandsThickGalligaskins_Auto.uasset: Package has unversioned properties but mapping file is missing, can't serialize
[ERR] Error while processing Bellwright/Content/Mist/Data/DamageTypes/InsectDamage.uasset: Package has unversioned properties but mapping file is missing, can't serialize
[ERR] Error while processing Bellwright/Content/Mist/Data/Codex/World/Resources/RiverReed_CodexEntry.uasset: Package has unversioned properties but mapping file is missing, can't serialize
[ERR] Error while processing Bellwright/Content/Mist/Data/Items/Categories/Medicine.uasset: Package has unversioned properties but mapping file is missing, can't serialize
[ERR] Error while processing Bellwright/Content/Mist/Data/combat/AI/UtilityProcessors/AttackMelee.uasset: Package has unversioned properties but mapping file is missing, can't serializeed properties but mapping file is missing, can't serialize
 file is missing, can't serialize
[ERR] Error while processing Bellwright/Content/Mist/Data/Items/BrokenItems/BrokenBrigandsThickGa
[ERR] Error while processing Bellwright/Content/Mist/Data/Npcs/Templates/NpcManagerProfiles/Quest/FishingTournament/MasterOfOceanNpcManagerProfile.uasset: Package has unversioned properties but mapping file is missing, can't serialize
[ERR] Error while processing Bellwright/Content/Mist/Data/Items/BrokenItems/BrokenEliteBrigandPants_Auto.uasset: Package has unversioned properties but mapping file is missing, can't serialize
[ERR] Error while processing Bellwright/Content/Mist/Data/combat/CombatAimOffsetConversion.uasset: Package has unversioned properties but mapping file is missing, can't serialize
[ERR] Error while processing Bellwright/Content/Mist/Data/Items/Categories/TownBuildingGeneral.uasset: Package has unversioned properties but mapping file is missing, can't serialize
[ERR] Error while processing Bellwright/Content/Mist/Data/combat/AI/UtilityProcessors/DefendMelee.uasset: Package has unversioned properties but mapping file is missing, can't serialize
[ERR] Error while processing Bellwright/Content/Mist/Data/Items/BrokenItems/BrokenSpikedMace_Auto.uasset: Package has unversioned properties but mapping file is missing, can't serialize
[ERR] Error while processing Bellwright/Content/Mist/Data/Codex/World/Resources/CrudeStone_CodexEntry.uasset: Package has unversioned properties but mapping file is missing, can't serialize
[ERR] Error while processing Bellwright/Content/Mist/Data/PlayerInput/Controller/IA_Controller_WorldMenuHold.uasset: Package has unversioned properties but mapping file is missing, can't serialize
[ERR] Error while processing Bellwright/Content/Mist/Data/Npcs/Templates/NpcManagerProfiles/Quest/FishingTournament/MasterOfRiversNpcManagerProfile.uasset: Package has unversioned properties but mapping file is missing, can't serialize
[ERR] Error while processing Bellwright/Content/Mist/Data/Quests/Liberation/BradfordLiberation/LiberationAttempt/BradfordLiberationQuest_TalkToElderComplete.uasset: Package has unversioned properties but mapping file is missing, can't serialize
[ERR] Error while processing Bellwright/Content/Mist/Data/Codex/World/Resources/YoungWildGoatCarcass_CodexEntry.uasset: Package has unversioned properties but mapping file is missing, can't serialize
[ERR] Error while processing Bellwright/Content/Mist/Data/Npcs/Templates/NpcManagerProfiles/Quest/FishingTournament/TheFishermeMasterOfSwampsNpcManagerProfille.uasset: Package has unversioned properties but mapping file is missing, can't serialize
[ERR] Error while processing Bellwright/Content/Mist/Data/Items/BrokenItems/BrokenBrigandsGloves_Auto.uasset: Package has unversioned properties but mapping file is missing, can't serialize
[ERR] Error while processing Bellwright/Content/Mist/Data/Items/Categories/TownBuildingCooking.uasset: Package has unversioned properties but mapping file is missing, can't serialize
[ERR] Error while processing Bellwright/Content/Mist/Data/PlayerInput/Controller/IA_Controller_RotatePitch.uasset: Package has unversioned properties but mapping file is missing, can't serialize
[ERR] Error while processing Bellwright/Content/Mist/Data/Items/BrokenItems/BrokenHalmayan_LongSpear_Auto.uasset: Package has unversioned properties but mapping file is missing, can't serialize
[ERR] Error while processing Bellwright/Content/Mist/Data/Codex/World/Resources/SimpleCord_CodexEntry.uasset: Package has unversioned properties but mapping file is missing, can't serialize
[ERR] Error while processing Bellwright/Content/Mist/Data/Quests/RaidMap/FunAndGames/FunAndGamesPart2Quest_TalkToSilasVeldrin.uasset: Package has unversioned properties but mapping file is missing, can't serialize
[ERR] Error while processing Bellwright/Content/Mist/Data/Npcs/Templates/NpcManagerProfiles/Quest/HappyHour/HappyHourQuest_NpcManagerProfile.uasset: Package has unversioned properties but mapping file is missing, can't serialize mapping file is missing, can't serialize
st/Data/PlayerInput/Controller/IA_Controller_RotatePitch.uasset: Package has unversioned properties but mapping file is missing, can't seriali
[ERR] Error while processing Bellwright/Content/Mist/Data/PlayerInput/Controller/IA_Controller_QuickMenuHold.uasset: Package has unversioned properties but mapping file is missing, can't serialize
[ERR] Error while processing Bellwright/Content/Mist/Data/Quests/MainQuest/TheSigil/TheSigilPart4TalkToMichael.uasset: Package has unversioned properties but mapping file is missing, can't serialize
[ERR] Error while processing Bellwright/Content/Mist/Data/Codex/World/Resources/Wine_CodexEntry.uasset: Package has unversioned properties but mapping file is missing, can't serialize
[ERR] Error while processing Bellwright/Content/Mist/Data/Items/BrokenItems/BrokenBrigandGloves_2_Auto.uasset: Package has unversioned properties but mapping file is missing, can't serialize
[ERR] Error while processing Bellwright/Content/Mist/Data/Npcs/Templates/NpcManagerProfiles/Quest/CryMeARiver/CryMeARiverHermitQuest_NpcManagerProfile.uasset: Package has unversioned properties but mapping file is missing, can't serialize
[ERR] Error while processing Bellwright/Content/Mist/Data/Items/Categories/Roads.uasset: Package has unversioned properties but mapping file is missing, can't serialize
[ERR] Error while processing Bellwright/Content/Mist/Data/PlayerInput/Controller/IA_Controller_RotateYaw.uasset: Package has unversioned properties but mapping file is missing, can't serialize
[ERR] Error while processing Bellwright/Content/Mist/Data/Quests/RaidMap/FunAndGames/FunAndGamesPart2Quest_TalkToGarethVander.uasset: Package has unversioned properties but mapping file is missing, can't serialize
[ERR] Error while processing Bellwright/Content/Mist/Data/Quests/MainQuest/TheSigil/TheSigilPart2Hidden.uasset: Package has unversioned properties but mapping file is missing, can't serialize
[ERR] Error while processing Bellwright/Content/Mist/Data/Items/BrokenItems/BrokenQuiltedVestOverGambeson_Auto.uasset: Package has unversioned properties but mapping file is missing, can't serialize
[ERR] Error while processing Bellwright/Content/Mist/Data/ConstructionSite/Elements/Tier2/TowerStairs.uasset: Package has unversioned properties but mapping file is missing, can't serialize
[ERR] Error while processing Bellwright/Content/Mist/Data/Codex/World/Resources/WhitePearl_CodexEntry.uasset: Package has unversioned properties but mapping file is missing, can't serialize
[ERR] Error while processing Bellwright/Content/Mist/Data/PlayerInput/Controller/IA_Controller_CallToArms.uasset: Package has unversioned properties but mapping file is missing, can't serialize
[ERR] Error while processing Bellwright/Content/Mist/Data/Characters/Customization/Hair/Hair_Short_Layered_Bob.uasset: Package has unversioned properties but mapping file is missing, can't serialize
[ERR] Error while processing Bellwright/Content/Mist/Data/Quests/RaidMap/FunAndGames/FunAndGamesQuest.uasset: Package has unversioned properties but mapping file is missing, can't serialize
[ERR] Error while processing Bellwright/Content/Mist/Data/Codex/World/Resources/GenericCarcassCodexEntry.uasset: Package has unversioned properties but mapping file is missing, can't serialize
[ERR] Error while processing Bellwright/Content/Mist/Data/Items/BrokenItems/BrokenTravelersTrousers_Auto.uasset: Package has unversioned properties but mapping file is missing, can't serialize
[ERR] Error while processing Bellwright/Content/Mist/Data/PlayerInput/Controller/IA_Controller_WorldMenuTap.uasset: Package has unversioned properties but mapping file is missing, can't serialize
[ERR] Error while processing Bellwright/Content/Mist/Data/combat/HeavyAttackHitDisplacement.uasset: Package has unversioned properties but mapping file is missing, can't serialize
[ERR] Error while processing Bellwright/Content/Mist/Data/Quests/RaidMap/FunAndGames/FunAndGamesPart2Quest.uasset: Package has unversioned properties but mapping file is missing, can't serialize
[ERR] Error while processing Bellwright/Content/Mist/Data/ConstructionSite/Elements/Tier2/MetalCauldrons.uasset: Package has unversioned properties but mapping file is missing, can't serialize
[ERR] Error while processing Bellwright/Content/Mist/Data/Codex/World/Resources/Fertilizer_CodexEntry.uasset: Package has unversioned properties but mapping file is missing, can't serialize
[ERR] Error while processing Bellwright/Content/Mist/Data/Items/BrokenItems/BrokenReinforcedKneepads_Auto.uasset: Package has unversioned properties but mapping file is missing, can't serialize
[ERR] Error while processing Bellwright/Content/Mist/Data/Quests/MainQuest/TheSigil/TheSigilPart1TalkToAmelie.uasset: Package has unversioned properties but mapping file is missing, can't serialize
[ERR] Error while processing Bellwright/Content/Mist/Data/combat/SpearsCombatAimOffsetConversion.uasset: Package has unversioned properties but mapping file is missing, can't serialize
[ERR] Error while processing Bellwright/Content/Mist/Data/Codex/World/Resources/HardPlank_CodexEntry.uasset: Package has unversioned properties but mapping file is missing, can't serialize
[ERR] Error while processing Bellwright/Content/Mist/Data/ConstructionSite/Elements/Tier2/BoatPaddle.uasset: Package has unversioned properties but mapping file is missing, can't serialize
[ERR] Error while processing Bellwright/Content/Mist/Data/WeaponTypes/ShieldStaminaCost.uasset: Package has unversioned properties but mapping file is missing, can't serialize
[ERR] Error while processing Bellwright/Content/Mist/Data/Items/BrokenItems/BrokenCassiansTorso_02_Auto.uasset: Package has unversioned properties but mapping file is missing, can't serialize
[ERR] Error while processing Bellwright/Content/Mist/Data/combat/QuickAttackHitDisplacement.uasset: Package has unversioned properties but mapping file is missing, can't serialize
[ERR] Error while processing Bellwright/Content/Mist/Data/Items/Categories/Armors.uasset: Package has unversioned properties but mapping file is missing, can't serialize
[ERR] Error while processing Bellwright/Content/Mist/Data/Quests/SideQuests/Padstow/MerchantsBetrayal/MerchantsBetrayalQuest_TalkToSamborOgden.uasset: Package has unversioned properties but mapping file is missing, can't serialize
[ERR] Error while processing Bellwright/Content/Mist/Data/Npcs/Templates/NpcManagerProfiles/Quest/CryMeARiver/CryMeARiverFakeEngiCampQuest_NpcManagerProfile.uasset: Package has unversioned properties but mapping file is missing, can't serialize
[ERR] Error while processing Bellwright/Content/Mist/Data/Codex/World/Resources/Leather_CodexEntry.uasset: Package has unversioned properties but mapping file is missing, can't serialize
[ERR] Error while processing Bellwright/Content/Mist/Data/ConstructionSite/Elements/Tier2/CanvasBlock.uasset: Package has unversioned properties but mapping file is missing, can't serialize
[ERR] Error while processing Bellwright/Content/Mist/Data/Items/BrokenItems/BrokenFalsgar_Kug_Helmet_Auto.uasset: Package has unversioned properties but mapping file is missing, can't serialize
[ERR] Error while processing Bellwright/Content/Mist/Data/combat/ShoveDisplacementAlphaCurve.uasset: Package has unversioned properties but mapping file is missing, can't serialize
[ERR] Error while processing Bellwright/Content/Mist/Data/Codex/World/Resources/IronIngot_CodexEntry.uasset: Package has unversioned properties but mapping file is missing, can't serialize
[ERR] Error while processing Bellwright/Content/Mist/Data/Quests/MainQuest/TheSigil/TheSigilPart1TalkToOscar.uasset: Package has unversioned properties but mapping file is missing, can't serialize
[ERR] Error while processing Bellwright/Content/Mist/Data/Npcs/Templates/NpcManagerProfiles/RaidMap/PirateCamps/LargePirateCamp_NpcManagerProfile.uasset: Package has unversioned properties but mapping file is missing, can't serialize
[ERR] Error while processing Bellwright/Content/Mist/Data/combat/AI/BlockDirectionMistakeChanceByMastery.uasset: Package has unversioned properties but mapping file is missing, can't serialize
[ERR] Error while processing Bellwright/Content/Mist/Data/Codex/World/Resources/FarmBoarCarcass_CodexEntry.uasset: Package has unversioned properties but mapping file is missing, can't serialize
[ERR] Error while processing Bellwright/Content/Mist/Data/Items/BrokenItems/BrokenBrigandsBoots_2_Auto.uasset: Package has unversioned properties but mapping file is missing, can't serialize
[ERR] Error while processing Bellwright/Content/Mist/Data/ConstructionSite/Elements/Tier2/HardWoodSticks.uasset: Package has unversioned properties but mapping file is missing, can't serialize
[ERR] Error while processing Bellwright/Content/Mist/Data/Npcs/Templates/NpcManagerProfiles/RaidMap/PirateCamps/SmallPirateCamp_NpcManagerProfile.uasset: Package has unversioned properties but mapping file is missing, can't serialize
[ERR] Error while processing Bellwright/Content/Mist/Data/Quests/SideQuests/Padstow/MerchantsBetrayal/MerchantsBetrayalQuest_TalkToMarekTholy.uasset: Package has unversioned properties but mapping file is missing, can't serialize
[ERR] Error while processing Bellwright/Content/Mist/Data/Items/Categories/VillageImprovements.uasset: Package has unversioned properties but mapping file is missing, can't serialize
[ERR] Error while processing Bellwright/Content/Mist/Data/Items/Categories/Ammo_Bolts.uasset: Package has unversioned properties but mapping file is missing, can't serialize
[ERR] Error while processing Bellwright/Content/Mist/Data/Items/BrokenItems/BrokenSimpleHammer_Auto.uasset: Package has unversioned properties but mapping file is missing, can't serialize
[ERR] Error while processing Bellwright/Content/Mist/Data/Npcs/Templates/NpcManagerProfiles/RaidMap/PirateCamps/BlueSkySmugglerCamp_NpcManagerProfile.uasset: Package has unversioned properties but mapping file is missing, can't serialize
[ERR] Error while processing Bellwright/Content/Mist/Data/Codex/World/Resources/Hide_CodexEntry.uasset: Package has unversioned properties but mapping file is missing, can't serialize
[ERR] Error while processing Bellwright/Content/Mist/Data/combat/AI/CombatAiSettings.uasset: Package has unversioned properties but mapping file is missing, can't serialize
[ERR] Error while processing Bellwright/Content/Mist/Data/PlayerInput/Controller/IA_Controller_Map.uasset: Package has unversioned properties but mapping file is missing, can't serialize
[ERR] Error while processing Bellwright/Content/Mist/Data/ConstructionSite/Elements/Tier2/FakeNails.uasset: Package has unversioned properties but mapping file is missing, can't serialize
[ERR] Error while processing Bellwright/Content/Mist/Data/Codex/World/Resources/Mud_CodexEntry.uasset: Package has unversioned properties but mapping file is missing, can't serialize
[ERR] Error while processing Bellwright/Content/Mist/Data/Npcs/Templates/NpcManagerProfiles/RaidMap/PirateCamps/BigPirateCamp_NpcManagerProfile.uasset: Package has unversioned properties but mapping file is missing, can't serialize
[ERR] Error while processing Bellwright/Content/Mist/Data/PlayerInput/Controller/IA_Controller_Army.uasset: Package has unversioned properties but mapping file is missing, can't serialize
[ERR] Error while processing Bellwright/Content/Mist/Data/Items/BrokenItems/BrokenTownsfolkShirt1_Auto.uasset: Package has unversioned properties but mapping file is missing, can't serialize
[ERR] Error while processing Bellwright/Content/Mist/Data/Codex/World/Resources/Mosses_CodexEntry.uasset: Package has unversioned properties but mapping file is missing, can't serialize
[ERR] Error while processing Bellwright/Content/Mist/Data/ConstructionSite/Elements/Tier2/BarkBuildingsInside.uasset: Package has unversioned properties but mapping file is missing, can't serialize
[ERR] Error while processing Bellwright/Content/Mist/Data/Quests/SideQuests/Padstow/MerchantsBetrayal/MerchantsBetrayalQuest_TalkToNorton.uasset: Package has unversioned properties but mapping file is missing, can't serializeoned properties but mapping file is missing, can't serialize
[ERR] Error while processing Bellwright/Content/Mist/Data/combat/AI/UtilityProcessors/DisengageMelee.uasset: Package has unversioned properties but mapping file is missing, can't serialize
ht/Content/Mist/Data/Items/BrokenItems/BrokenTownsfolkShirt1_Auto.uasset: Package has unversioned properties but mappi
[ERR] Error while processing Bellwright/Content/Mist/Data/Npcs/Templates/NpcManagerProfiles/RaidMap/PirateCamps/MediumPirateCamp_NpcManagerProfile.uasset: Package has unversioned properties but mapping file is missing, can't serialize
[ERR] Error while processing Bellwright/Content/Mist/Data/Items/BrokenItems/BrokenHighlandsRobbersHelmet_02_Auto.uasset: Package has unversioned properties but mapping file is missing, can't serialize
[ERR] Error while processing Bellwright/Content/Mist/Data/PlayerInput/Controller/IA_Controller_ExcursionFactions.uasset: Package has unversioned properties but mapping file is missing, can't serialize
[ERR] Error while processing Bellwright/Content/Mist/Data/Codex/World/Resources/SheepCarcass_CodexEntry.uasset: Package has unversioned properties but mapping file is missing, can't serialize
[ERR] Error while processing Bellwright/Content/Mist/Data/Items/Categories/Liquids/Water.uasset: Package has unversioned properties but mapping file is missing, can't serialize
[ERR] Error while processing Bellwright/Content/Mist/Data/combat/AI/UtilityProcessors/HealSelf.uasset: Package has unversioned properties but mapping file is missing, can't serialize
[ERR] Error while processing Bellwright/Content/Mist/Data/Quests/SideQuests/Padstow/MerchantsBetrayal/MerchantsBetrayalQuest_TalkToMerchant.uasset: Package has unversioned properties but mapping file is missing, can't serialize
[ERR] Error while processing Bellwright/Content/Mist/Data/ConstructionSite/Elements/Tier2/FakeMossCube.uasset: Package has unversioned properties but mapping file is missing, can't serialize
[ERR] Error while processing Bellwright/Content/Mist/Data/Items/BrokenItems/BrokenThickGloves_Auto.uasset: Package has unversioned properties but mapping file is missing, can't serialize
[ERR] Error while processing Bellwright/Content/Mist/Data/Quests/MainQuest/TheSigil/TheSigilPart5BackToAmanita.uasset: Package has unversioned properties but mapping file is missing, can't serialize
[ERR] Error while processing Bellwright/Content/Mist/Data/Items/Categories/Liquids/Liquids.uasset: Package has unversioned properties but mapping file is missing, can't serialize
[ERR] Error while processing Bellwright/Content/Mist/Data/PlayerInput/Controller/IA_Controller_Settlement.uasset: Package has unversioned properties but mapping file is missing, can't serialize
[ERR] Error while processing Bellwright/Content/Mist/Data/Quests/MainQuest/TheSigil/TheSigilPart2TalkAmelie.uasset: Package has unversioned properties but mapping file is missing, can't serialize
[ERR] Error while processing Bellwright/Content/Mist/Data/Codex/World/Resources/BoarCarcass_CodexEntry.uasset: Package has unversioned properties but mapping file is missing, can't serialize
[ERR] Error while processing Bellwright/Content/Mist/Data/Items/BrokenItems/BrokenTownsfolkDress_9_Auto.uasset: Package has unversioned properties but mapping file is missing, can't serialize
[ERR] Error while processing Bellwright/Content/Mist/Data/PlayerInput/Controller/IA_Controller_IconsCharacterShow.uasset: Package has unversioned properties but mapping file is missing, can't serialize
[ERR] Error while processing Bellwright/Content/Mist/Data/WeaponTypes/SaberStaminaCost.uasset: Package has unversioned properties but mapping file is missing, can't serialize
[ERR] Error while processing Bellwright/Content/Mist/Data/Npcs/Templates/NpcManagerProfiles/RaidMap/Ports/HalmayanDock_NpcManagerProfile.uasset: Package has unversioned properties but mapping file is missing, can't serialize
[ERR] Error while processing Bellwright/Content/Mist/Data/ConstructionSite/Elements/Tier2/HardWoodShortAngledLogs.uasset: Package has unversioned properties but mapping file is missing, can't serialize
[ERR] Error while processing Bellwright/Content/Mist/Data/PlayerInput/Controller/IA_Controller_ToggleHud.uasset: Package has unversioned properties but mapping file is missing, can't serialize
[ERR] Error while processing Bellwright/Content/Mist/Data/Npcs/Templates/NpcManagerProfiles/RaidMap/Ports/NeutralDock_NpcManagerProfile.uasset: Package has unversioned properties but mapping file is missing, can't serialize
[ERR] Error while processing Bellwright/Content/Mist/Data/Items/Categories/Resources/Seeds.uasset: Package has unversioned properties but mapping file is missing, can't serialize
[ERR] Error while processing Bellwright/Content/Mist/Data/ConstructionSite/Elements/Tier2/HardwoodLog.uasset: Package has unversioned properties but mapping file is missing, can't serialize
[ERR] Error while processing Bellwright/Content/Mist/Data/Quests/MainQuest/TheSigil/TheSigilPart3TalkToPaul.uasset: Package has unversioned properties but mapping file is missing, can't serialize
[ERR] Error while processing Bellwright/Content/Mist/Data/Codex/World/Resources/WildGoatCarcass_CodexEntry.uasset: Package has unversioned properties but mapping file is missing, can't serialize
[ERR] Error while processing Bellwright/Content/Mist/Data/Items/Categories/Resources/Resources.uasset: Package has unversioned properties but mapping file is missing, can't serialize
[ERR] Error while processing Bellwright/Content/Mist/Data/Npcs/Templates/NpcManagerProfiles/RaidMap/Ports/CassianDock_NpcManagerProfile.uasset: Package has unversioned properties but mapping file is missing, can't serialize
[ERR] Error while processing Bellwright/Content/Mist/Data/ConstructionSite/Elements/Tier2/WoodenBark.uasset: Package has unversioned properties but mapping file is missing, can't serialize
[ERR] Error while processing Bellwright/Content/Mist/Data/Items/Categories/Decorations/DecorationsItemsCategoryGroup.uasset: Package has unversioned properties but mapping file is missing, can't serialize
[ERR] Error while processing Bellwright/Content/Mist/Data/Npcs/Templates/NpcManagerProfiles/RaidMap/Quest/TheChainsAreBrokenCragkeepPrisonGuards_NpcManagerProfile.uasset: Package has unversioned properties but mapping file is missing, can't serialize
[ERR] Error while processing Bellwright/Content/Mist/Data/Quests/MainQuest/TheSigil/TheSigilPart4TalkToAmelie.uasset: Package has unversioned properties but mapping file is missing, can't serialize
[ERR] Error while processing Bellwright/Content/Mist/Data/Items/BrokenItems/BrokenBrigandGloves_1_Auto.uasset: Package has unversioned properties but mapping file is missing, can't serialize
[ERR] Error while processing Bellwright/Content/Mist/Data/Codex/World/Resources/Lemon_CodexEntry.uasset: Package has unversioned properties but mapping file is missing, can't serialize
[ERR] Error while processing Bellwright/Content/Mist/Data/ConstructionSite/Elements/Tier2/FakePalisadeNails.uasset: Package has unversioned properties but mapping file is missing, can't serialize
[ERR] Error while processing Bellwright/Content/Mist/Data/Items/Categories/Other/KnowledgeBooks.uasset: Package has unversioned properties but mapping file is missing, can't serialize
[ERR] Error while processing Bellwright/Content/Mist/Data/Items/BrokenItems/BrokenBattleAxe_Auto.uasset: Package has unversioned properties but mapping file is missing, can't serialize
[ERR] Error while processing Bellwright/Content/Mist/Data/Npcs/Templates/NpcManagerProfiles/RaidMap/Quest/AsDuskSets_Falsgar_PrisonerIsa_NpcManagerProfile.uasset: Package has unversioned properties but mapping file is missing, can't serialize
[ERR] Error while processing Bellwright/Content/Mist/Data/WeaponTypes/TwoHandedStaminaCost.uasset: Package has unversioned properties but mapping file is missing, can't serialize
[ERR] Error while processing Bellwright/Content/Mist/Data/Quests/MainQuest/TheSigil/TheSigilPart5TalkToAmanita.uasset: Package has unversioned properties but mapping file is missing, can't serialize
[ERR] Error while processing Bellwright/Content/Mist/Data/Quests/RaidMap/LostandPantsless/LostAndPantslessQuest_TalkToMaria.uasset: Package has unversioned properties but mapping file is missing, can't serialize
[ERR] Error while processing Bellwright/Content/Mist/Data/Codex/World/Resources/Tongs_CodexEntry.uasset: Package has unversioned properties but mapping file is missing, can't serialize
[ERR] Error while processing Bellwright/Content/Mist/Data/ConstructionSite/Elements/Tier2/RopeKnotBuildable.uasset: Package has unversioned properties but mapping file is missing, can't serialize
[ERR] Error while processing Bellwright/Content/Mist/Data/PlayerInput/Controller/IA_Controller_Notifications.uasset: Package has unversioned properties but mapping file is missing, can't serialize
[ERR] Error while processing Bellwright/Content/Mist/Data/Items/Categories/Other/OtherItemsCategoryGroup.uasset: Package has unversioned properties but mapping file is missing, can't serialize
[ERR] Error while processing Bellwright/Content/Mist/Data/Items/BrokenItems/BrokenEldersTunic_Auto.uasset: Package has unversioned properties but mapping file is missing, can't serialize
[ERR] Error while processing Bellwright/Content/Mist/Data/Codex/World/Resources/SoftLog_CodexEntry.uasset: Package has unversioned properties but mapping file is missing, can't serialize
[ERR] Error while processing Bellwright/Content/Mist/Data/ConstructionSite/Elements/Tier2/HardWoodHorizontalSmallStick.uasset: Package has unversioned properties but mapping file is missing, can't serialize
[ERR] Error while processing Bellwright/Content/Mist/Data/PlayerInput/Controller/IA_Controller_QuestLog.uasset: Package has unversioned properties but mapping file is missing, can't serialize
[ERR] Error while processing Bellwright/Content/Mist/Data/Items/Categories/Other/KnowledgeBooksCategoryGroup.uasset: Package has unversioned properties but mapping file is missing, can't serialize
[ERR] Error while processing Bellwright/Content/Mist/Data/Npcs/Templates/NpcManagerProfiles/RaidMap/Quest/PrideAndParryingQuestNPCManagerProfile.uasset: Package has unversioned properties but mapping file is missing, can't serialize
[ERR] Error while processing Bellwright/Content/Mist/Data/Items/BrokenItems/BrokenSturdyWarhammer_Auto.uasset: Package has unversioned properties but mapping file is missing, can't serialize
[ERR] Error while processing Bellwright/Content/Mist/Data/WeaponTypes/Ranged/CrossbowCombatStaminaSettings.uasset: Package has unversioned properties but mapping file is missing, can't serialize
[ERR] Error while processing Bellwright/Content/Mist/Data/PlayerInput/Controller/IA_Controller_IconsInteractShow.uasset: Package has unversioned properties but mapping file is missing, can't serialize
[ERR] Error while processing Bellwright/Content/Mist/Data/Codex/World/Resources/Wheat_CodexEntry.uasset: Package has unversioned properties but mapping file is missing, can't serialize
[ERR] Error while processing Bellwright/Content/Mist/Data/Items/Categories/Other/Other.uasset: Package has unversioned properties but mapping file is missing, can't serialize
[ERR] Error while processing Bellwright/Content/Mist/Data/Quests/RaidMap/LostandPantsless/LostAndPantslessQuest_BringScarf.uasset: Package has unversioned properties but mapping file is missing, can't serialize
[ERR] Error while processing Bellwright/Content/Mist/Data/Npcs/Templates/NpcManagerProfiles/RaidMap/Quest/ChasingTheSkySmugglers_NpcManagerProfile.uasset: Package has unversioned properties but mapping file is missing, can't serialize
[ERR] Error while processing Bellwright/Content/Mist/Data/PlayerInput/Controller/IA_Controller_HudFollowUp.uasset: Package has unversioned properties but mapping file is missing, can't serialize
[ERR] Error while processing Bellwright/Content/Mist/Data/WeaponTypes/Ranged/BowAimDeviationBySkill.uasset: Package has unversioned properties but mapping file is missing, can't serialize
[ERR] Error while processing Bellwright/Content/Mist/Data/ConstructionSite/Elements/Tier2/HardwoodLogHorizontalLong_Bark.uasset: Package has unversioned properties but mapping file is missing, can't serialize
[ERR] Error while processing Bellwright/Content/Mist/Data/Items/BrokenItems/BrokenDouble-headedWarhammer_Auto.uasset: Package has unversioned properties but mapping file is missing, can't serialize
[ERR] Error while processing Bellwright/Content/Mist/Data/Quests/RaidMap/LostandPantsless/LostandPantslessQuest_GivePants.uasset: Package has unversioned properties but mapping file is missing, can't serialize
[ERR] Error while processing Bellwright/Content/Mist/Data/Items/Categories/Consumables/CookedFood.uasset: Package has unversioned properties but mapping file is missing, can't serialize
[ERR] Error while processing Bellwright/Content/Mist/Data/Codex/World/Resources/SealCarcass_CodexEntry.uasset: Package has unversioned properties but mapping file is missing, can't serialize
[ERR] Error while processing Bellwright/Content/Mist/Data/Interaction/ClearingFoliageInteractionIcon.uasset: Package has unversioned properties but mapping file is missing, can't serialize
[ERR] Error while processing Bellwright/Content/Mist/Data/PlayerInput/Controller/IA_Controller_Inventory.uasset: Package has unversioned properties but mapping file is missing, can't serialize
[ERR] Error while processing Bellwright/Content/Mist/Data/ConstructionSite/Elements/Tier2/RopeDeco.uasset: Package has unversioned properties but mapping file is missing, can't serialize
[ERR] Error while processing Bellwright/Content/Mist/Data/Items/BrokenItems/BrokenShovel_Auto.uasset: Package has unversioned properties but mapping file is missing, can't serialize
[ERR] Error while processing Bellwright/Content/Mist/Data/Items/Categories/Consumables/RawFood.uasset: Package has unversioned properties but mapping file is missing, can't serialize
[ERR] Error while processing Bellwright/Content/Mist/Data/Items/Categories/Consumables/DriedFood.uasset: Package has unversioned properties but mapping file is missing, can't serialize
[ERR] Error while processing Bellwright/Content/Mist/Data/Items/BrokenItems/BrokenCassiansLeader_Cassandra_Helmet_Auto.uasset: Package has unversioned properties but mapping file is missing, can't serialize
[ERR] Error while processing Bellwright/Content/Mist/Data/Interaction/NoInteractionIcon.uasset: Package has unversioned properties but mapping file is missing, can't serialize
[ERR] Error while processing Bellwright/Content/Mist/Data/Quests/RaidMap/LostandPantsless/LostAndPantslessQuest.uasset: Package has unversioned properties but mapping file is missing, can't serialize
[ERR] Error while processing Bellwright/Content/Mist/Data/Npcs/Templates/NpcManagerProfiles/RaidMap/Quest/BlueSkyCaveBaltasar_NpcManagerProfile.uasset: Package has unversioned properties but mapping file is missing, can't serialize
[ERR] Error while processing Bellwright/Content/Mist/Data/WeaponTypes/Misc/QuarterstaffStaminaCost.uasset: Package has unversioned properties but mapping file is missing, can't serialize
[ERR] Error while processing Bellwright/Content/Mist/Data/Items/BrokenItems/BrokenHighlandsRobbersGarb_03_Auto.uasset: Package has unversioned properties but mapping file is missing, can't serialize
[ERR] Error while processing Bellwright/Content/Mist/Data/Items/Categories/Consumables/BakedFood.uasset: Package has unversioned properties but mapping file is missing, can't serialize
[ERR] Error while processing Bellwright/Content/Mist/Data/Codex/World/Resources/Wax_CodexEntry.uasset: Package has unversioned properties but mapping file is missing, can't serialize
[ERR] Error while processing Bellwright/Content/Mist/Data/Interaction/DefaultInteractionIcon.uasset: Package has unversioned properties but mapping file is missing, can't serialize
[ERR] Error while processing Bellwright/Content/Mist/Data/Items/BrokenItems/BrokenCassianBoltQuiver_Auto.uasset: Package has unversioned properties but mapping file is missing, can't serialize
[ERR] Error while processing Bellwright/Content/Mist/Data/Items/Categories/Consumables/FoodRation.uasset: Package has unversioned properties but mapping file is missing, can't serialize
[ERR] Error while processing Bellwright/Content/Mist/Data/Items/BrokenItems/BrokenLaborerFemaleShirt_Auto.uasset: Package has unversioned properties but mapping file is missing, can't serialize
[ERR] Error while processing Bellwright/Content/Mist/Data/WeaponCarryTypes/SmallShield.uasset: Package has unversioned properties but mapping file is missing, can't serialize
[ERR] Error while processing Bellwright/Content/Mist/Data/Npcs/Templates/NpcManagerProfiles/RaidMap/Quest/BlueSkyCaveSmugglerGuards_NpcManagerProfile.uasset: Package has unversioned properties but mapping file is missing, can't serialize
[ERR] Error while processing Bellwright/Content/Mist/Data/Quests/RaidMap/LostandPantsless/LostAndPantslessQuest_TellWife.uasset: Package has unversioned properties but mapping file is missing, can't serialize
[ERR] Error while processing Bellwright/Content/Mist/Data/Codex/World/Resources/GrapeMust_CodexEntry.uasset: Package has unversioned properties but mapping file is missing, can't serialize
[ERR] Error while processing Bellwright/Content/Mist/Data/Items/Categories/Consumables/PreservedFood.uasset: Package has unversioned properties but mapping file is missing, can't serialize
[ERR] Error while processing Bellwright/Content/Mist/Data/Items/BrokenItems/BrokenHalmayansTorso_05_Auto.uasset: Package has unversioned properties but mapping file is missing, can't serialize
[ERR] Error while processing Bellwright/Content/Mist/Data/WeaponCarryTypes/SpearBack.uasset: Package has unversioned properties but mapping file is missing, can't serialize
[ERR] Error while processing Bellwright/Content/Mist/Data/Codex/World/Resources/SeagullCarcass_CodexEntry.uasset: Package has unversioned properties but mapping file is missing, can't serialize
[ERR] Error while processing Bellwright/Content/Mist/Data/Items/Categories/Consumables/SoupFood.uasset: Package has unversioned properties but mapping file is missing, can't serialize
[ERR] Error while processing Bellwright/Content/Mist/Data/PlayerInput/Controller/IA_Controller_TechTree.uasset: Package has unversioned properties but mapping file is missing, can't serialize
[ERR] Error while processing Bellwright/Content/Mist/Data/WeaponCarryTypes/Shield.uasset: Package has unversioned properties but mapping file is missing, can't serialize
[ERR] Error while processing Bellwright/Content/Mist/Data/ConstructionSite/Elements/Tier2/DockyardHardPlanks.uasset: Package has unversioned properties but mapping file is missing, can't serialize
[ERR] Error while processing Bellwright/Content/Mist/Data/Items/BrokenItems/BrokenPlayerCassianTorso_1_Auto.uasset: Package has unversioned properties but mapping file is missing, can't serialize
[ERR] Error while processing Bellwright/Content/Mist/Data/PlayerInput/Controller/IA_Controller_QuickMenuTap.uasset: Package has unversioned properties but mapping file is missing, can't serialize
[ERR] Error while processing Bellwright/Content/Mist/Data/Npcs/Templates/NpcManagerProfiles/RaidMap/Quest/TheLessonTheyTaughtPrisoners_NpcManagerProfile.uasset: Package has unversioned properties but mapping file is missing, can't serialize
[ERR] Error while processing Bellwright/Content/Mist/Data/Items/Categories/Consumables/OvercookedFood.uasset: Package has unversioned properties but mapping file is missing, can't serialize
[ERR] Error while processing Bellwright/Content/Mist/Data/Codex/World/Resources/ChickCarcass_CodexEntry.uasset: Package has unversioned properties but mapping file is missing, can't serialize
[ERR] Error while processing Bellwright/Content/Mist/Data/Items/BrokenItems/BrokenBronzeMace_Auto.uasset: Package has unversioned properties but mapping file is missing, can't serialize
[ERR] Error while processing Bellwright/Content/Mist/Data/PlayerInput/Interact/IA_Interact_NavigatePrevious.uasset: Package has unversioned properties but mapping file is missing, can't serialize
[ERR] Error while processing Bellwright/Content/Mist/Data/WeaponTypes/Ranged/CrossbowAimDeviationBySkill.uasset: Package has unversioned properties but mapping file is missing, can't serialize
[ERR] Error while processing Bellwright/Content/Mist/Data/WeaponCarryTypes/OneHandedAxe.uasset: Package has unversioned properties but mapping file is missing, can't serialize
[ERR] Error while processing Bellwright/Content/Mist/Data/ConstructionSite/Elements/Tier2/SmallRopePieces.uasset: Package has unversioned properties but mapping file is missing, can't serialize
[ERR] Error while processing Bellwright/Content/Mist/Data/Npcs/Templates/NpcManagerProfiles/RaidMap/Quest/TheLessonTheyTaught_FalsgarPrison_NpcManagerProfile.uasset: Package has unversioned properties but mapping file is missing, can't serialize
[ERR] Error while processing Bellwright/Content/Mist/Data/Items/Categories/Consumables/StewFood.uasset: Package has unversioned properties but mapping file is missing, can't serialize
[ERR] Error while processing Bellwright/Content/Mist/Data/Quests/RaidMap/EventBattleRewardQuests/EventBattle_CassiansWin.uasset: Package has unversioned properties but mapping file is missing, can't serialize
[ERR] Error while processing Bellwright/Content/Mist/Data/PlayerInput/Interact/IMC_Interact_Manning.uasset: Package has unversioned properties but mapping file is missing, can't serialize
[ERR] Error while processing Bellwright/Content/Mist/Data/Items/BrokenItems/BrokenStrengthenShirt_Auto.uasset: Package has unversioned properties but mapping file is missing, can't serialize
[ERR] Error while processing Bellwright/Content/Mist/Data/Codex/World/Resources/CopperRock_CodexEntry.uasset: Package has unversioned properties but mapping file is missing, can't serialize
[ERR] Error while processing Bellwright/Content/Mist/Data/ConstructionSite/Elements/Tier2/HardWoodThinSticks.uasset: Package has unversioned properties but mapping file is missing, can't serialize
[ERR] Error while processing Bellwright/Content/Mist/Data/Npcs/Templates/NpcManagerProfiles/RaidMap/Quest/QuestEmpty_NpcManagerProfile.uasset: Package has unversioned properties but mapping file is missing, can't serialize
[ERR] Error while processing Bellwright/Content/Mist/Data/WeaponTypes/Ranged/CrossbowAimSpeedBySkill.uasset: Package has unversioned properties but mapping file is missing, can't serialize
[ERR] Error while processing Bellwright/Content/Mist/Data/Quests/RaidMap/EventBattleRewardQuests/EventBattle_HalmayansWin.uasset: Package has unversioned properties but mapping file is missing, can't serialize
[ERR] Error while processing Bellwright/Content/Mist/Data/Codex/World/Resources/CuredRope_CodexEntry.uasset: Package has unversioned properties but mapping file is missing, can't serialize
[ERR] Error while processing Bellwright/Content/Mist/Data/Items/BrokenItems/BrokenCassiansTorso_01_Auto.uasset: Package has unversioned properties but mapping file is missing, can't serialize
[ERR] Error while processing Bellwright/Content/Mist/Data/PlayerInput/Interact/IMC_Interact_UseFoliage.uasset: Package has unversioned properties but mapping file is missing, can't serialize
[ERR] Error while processing Bellwright/Content/Mist/Data/WeaponCarryTypes/Torch.uasset: Package has unversioned properties but mapping file is missing, can't serialize
[ERR] Error while processing Bellwright/Content/Mist/Data/WeaponTypes/Ranged/ThrowingVelocityByPower.uasset: Package has unversioned properties but mapping file is missing, can't serialize
[ERR] Error while processing Bellwright/Content/Mist/Data/Quests/MainQuest/TheSigil/TheSigilPart4TalkToKlara.uasset: Package has unversioned properties but mapping file is missing, can't serialize
[ERR] Error while processing Bellwright/Content/Mist/Data/Npcs/Templates/NpcManagerProfiles/RaidMap/Quest/PrideAndParryingEmptyQuestNPCManagerProfile.uasset: Package has unversioned properties but mapping file is missing, can't serialize
[ERR] Error while processing Bellwright/Content/Mist/Data/ConstructionSite/Elements/Tier2/PalisadeRope.uasset: Package has unversioned properties but mapping file is missing, can't serialize
[ERR] Error while processing Bellwright/Content/Mist/Data/Codex/World/Resources/FeralDogCarcass_CodexEntry.uasset: Package has unversioned properties but mapping file is missing, can't serialize
[ERR] Error while processing Bellwright/Content/Mist/Data/Items/BrokenItems/BrokenPiratePants_01_Auto.uasset: Package has unversioned properties but mapping file is missing, can't serialize
[ERR] Error while processing Bellwright/Content/Mist/Data/WeaponTypes/Ranged/ThrowingDamageByPower.uasset: Package has unversioned properties but mapping file is missing, can't serialize
[ERR] Error while processing Bellwright/Content/Mist/Data/Quests/MainQuest/TheSigil/TheSigilPart5TalkToAmelie.uasset: Package has unversioned properties but mapping file is missing, can't serialize
[ERR] Error while processing Bellwright/Content/Mist/Data/Npcs/Templates/NpcManagerProfiles/RaidMap/Quest/TheLessonTheyTaughtWarden_NpcManagerProfile.uasset: Package has unversioned properties but mapping file is missing, can't serialize
[ERR] Error while processing Bellwright/Content/Mist/Data/PlayerInput/Interact/IA_Interact_NavigateNext.uasset: Package has unversioned properties but mapping file is missing, can't serialize
[ERR] Error while processing Bellwright/Content/Mist/Data/ConstructionSite/Elements/Tier2/T2_GateSupportBeam.uasset: Package has unversioned properties but mapping file is missing, can't serialize
[ERR] Error while processing Bellwright/Content/Mist/Data/Codex/World/Resources/RabbitCarcass_CodexEntry.uasset: Package has unversioned properties but mapping file is missing, can't serialize
[ERR] Error while processing Bellwright/Content/Mist/Data/WeaponCarryTypes/Crossbow.uasset: Package has unversioned properties but mapping file is missing, can't serialize
[ERR] Error while processing Bellwright/Content/Mist/Data/Items/Categories/QuestItems/QuestItem.uasset: Package has unversioned properties but mapping file is missing, can't serialize
[ERR] Error while processing Bellwright/Content/Mist/Data/WeaponTypes/Ranged/BowAimSpeedBySkill.uasset: Package has unversioned properties but mapping file is missing, can't serialize
[ERR] Error while processing Bellwright/Content/Mist/Data/Quests/RaidMap/ALightHistory/ALightHistoryQuest.uasset: Package has unversioned properties but mapping file is missing, can't serialize
[ERR] Error while processing Bellwright/Content/Mist/Data/Npcs/Templates/NpcManagerProfiles/RaidMap/Quest/TheChainsAreBrokenCragkeepPrisoner_NpcManagerProfile.uasset: Package has unversioned properties but mapping file is missing, can't serialize
[ERR] Error while processing Bellwright/Content/Mist/Data/PlayerInput/Interact/IA_Interact_UseFoliage.uasset: Package has unversioned properties but mapping file is missing, can't serialize
[ERR] Error while processing Bellwright/Content/Mist/Data/Items/BrokenItems/BrokenPlateReinforcedGreaves_Auto.uasset: Package has unversioned properties but mapping file is missing, can't serialize
[ERR] Error while processing Bellwright/Content/Mist/Data/Codex/World/Resources/TinRock_CodexEntry.uasset: Package has unversioned properties but mapping file is missing, can't serialize
[ERR] Error while processing Bellwright/Content/Mist/Data/WeaponCarryTypes/BowBack.uasset: Package has unversioned properties but mapping file is missing, can't serialize
[ERR] Error while processing Bellwright/Content/Mist/Data/ConstructionSite/Elements/Tier2/Nails.uasset: Package has unversioned properties but mapping file is missing, can't serialize
[ERR] Error while processing Bellwright/Content/Mist/Data/Quests/RaidMap/ALightHistory/ALightHistoryQuest_TalkToKikolai.uasset: Package has unversioned properties but mapping file is missing, can't serialize
[ERR] Error while processing Bellwright/Content/Mist/Data/Npcs/Templates/NpcManagerProfiles/RaidMap/Quest/PiousReward/PiousRewardQuest_WindShrine_NPCManagerProfile.uasset: Package has unversioned properties but mapping file is missing, can't serialize
[ERR] Error while processing Bellwright/Content/Mist/Data/Items/Categories/QuestItems/QuestItemsCategoryGroup.uasset: Package has unversioned properties but mapping file is missing, can't serialize
[ERR] Error while processing Bellwright/Content/Mist/Data/WeaponCarryTypes/AxeBack.uasset: Package has unversioned properties but mapping file is missing, can't serialize
[ERR] Error while processing Bellwright/Content/Mist/Data/ConstructionSite/Elements/Tier2/CoalPart.uasset: Package has unversioned properties but mapping file is missing, can't serialize
[ERR] Error while processing Bellwright/Content/Mist/Data/Quests/MainQuest/TheSigil/TheSigilPart1Hidden.uasset: Package has unversioned properties but mapping file is missing, can't serialize
[ERR] Error while processing Bellwright/Content/Mist/Data/Npcs/Templates/NpcManagerProfiles/RaidMap/Quest/PiousReward/PiousRewardQuest_WineShrine_NPCManagerProfile.uasset: Package has unversioned properties but mapping file is missing, can't serialize
[ERR] Error while processing Bellwright/Content/Mist/Data/PlayerInput/Interact/IMC_Interact_UseCommon.uasset: Package has unversioned properties but mapping file is missing, can't serialize
[ERR] Error while processing Bellwright/Content/Mist/Data/WeaponCarryTypes/OneHandedSword.uasset: Package has unversioned properties but mapping file is missing, can't serialize
[ERR] Error while processing Bellwright/Content/Mist/Data/Items/Categories/QuestItems/TechItems.uasset: Package has unversioned properties but mapping file is missing, can't serialize
[ERR] Error while processing Bellwright/Content/Mist/Data/Quests/MainQuest/TheSigil/TheSigilPart1TalkToKetyl.uasset: Package has unversioned properties but mapping file is missing, can't serialize
[ERR] Error while processing Bellwright/Content/Mist/Data/Npcs/Templates/NpcManagerProfiles/RaidMap/Quest/PiousReward/PiousRewardQuest_SeaShrine_NPCManagerProfile.uasset: Package has unversioned properties but mapping file is missing, can't serialize
[ERR] Error while processing Bellwright/Content/Mist/Data/ConstructionSite/Elements/Tier2/HayRoofLargePiece_Thatch.uasset: Package has unversioned properties but mapping file is missing, can't serialize
[ERR] Error while processing Bellwright/Content/Mist/Data/PlayerInput/Interact/IA_Interact_UseCommon.uasset: Package has unversioned properties but mapping file is missing, can't serialize
[ERR] Error while processing Bellwright/Content/Mist/Data/Quests/MainQuest/TheSigil/TheSigilPart3TalkToAmelie.uasset: Package has unversioned properties but mapping file is missing, can't serialize
[ERR] Error while processing Bellwright/Content/Mist/Data/Configs/SubregionIncomingMigrationDaysByCampPointsRatio.uasset: Package has unversioned properties but mapping file is missing, can't serialize
[ERR] Error while processing Bellwright/Content/Mist/Data/Items/Categories/QuestItems/TechItemsParent.uasset: Package has unversioned properties but mapping file is missing, can't serialize
[ERR] Error while processing Bellwright/Content/Mist/Data/Codex/World/Resources/PeatBrick_CodexEntry.uasset: Package has unversioned properties but mapping file is missing, can't serialize
[ERR] Error while processing Bellwright/Content/Mist/Data/Npcs/Templates/NpcManagerProfiles/RaidMap/Quest/PiousReward/PiousRewardQuest_TreasureGuard_NPCManagerProfile.uasset: Package has unversioned properties but mapping file is missing, can't serialize
[ERR] Error while processing Bellwright/Content/Mist/Data/Items/PlaceableDecorations/Tier_3/Dice/BP_Dice.uasset: Package has unversioned properties but mapping file is missing, can't serialize
[ERR] Error while processing Bellwright/Content/Mist/Data/ConstructionSite/Elements/Tier2/DecorativeWoodSplinter.uasset: Package has unversioned properties but mapping file is missing, can't serialize
[ERR] Error while processing Bellwright/Content/Mist/Data/Items/BrokenItems/BrokenSebastianMontverdeBoots_Auto.uasset: Package has unversioned properties but mapping file is missing, can't serialize
[ERR] Error while processing Bellwright/Content/Mist/Data/Characters/Customization/FacialHair/Facial_Shaved.uasset: Package has unversioned properties but mapping file is missing, can't serialize
[ERR] Error while processing Bellwright/Content/Mist/Data/Npcs/Templates/NpcManagerProfiles/RaidMap/Quest/FairDeal/FairDealGuillermo_NpcManagerProfile.uasset: Package has unversioned properties but mapping file is missing, can't serialize
[ERR] Error while processing Bellwright/Content/Mist/Data/Items/PlaceableDecorations/Tier_3/Dice/PM_Dice.uasset: Package has unversioned properties but mapping file is missing, can't serialize
[ERR] Error while processing Bellwright/Content/Mist/Data/Items/Categories/Equipment/Equipment.uasset: Package has unversioned properties but mapping file is missing, can't serialize
[ERR] Error while processing Bellwright/Content/Mist/Data/ConstructionSite/Elements/Tier2/WoodenPallisadeRope.uasset: Package has unversioned properties but mapping file is missing, can't serialize
[ERR] Error while processing Bellwright/Content/Mist/Data/Codex/World/Resources/Hops_CodexEntry.uasset: Package has unversioned properties but mapping file is missing, can't serialize
[ERR] Error while processing Bellwright/Content/Mist/Data/Npcs/Templates/NpcManagerProfiles/RaidMap/Quest/FairDeal/FairDealIsandro_NpcManagerProfile.uasset: Package has unversioned properties but mapping file is missing, can't serialize
[ERR] Error while processing Bellwright/Content/Mist/Data/Items/PlaceableDecorations/Tier_3/Dice/SM_Dice.uasset: Package has unversioned properties but mapping file is missing, can't serialize
[ERR] Error while processing Bellwright/Content/Mist/Data/Items/Categories/Equipment/Armors/Clothing.uasset: Package has unversioned properties but mapping file is missing, can't serialize
[ERR] Error while processing Bellwright/Content/Mist/Data/Placeables/Torches/StandingTorch.uasset: Package has unversioned properties but mapping file is missing, can't serialize
[ERR] Error while processing Bellwright/Content/Mist/Data/Items/BrokenItems/BrokenPeasantTrousers_Auto.uasset: Package has unversioned properties but mapping file is missing, can't serialize
[ERR] Error while processing Bellwright/Content/Mist/Data/ConstructionSite/Elements/Tier2/HardwoodLogHorizontal.uasset: Package has unversioned properties but mapping file is missing, can't serialize
[ERR] Error while processing Bellwright/Content/Mist/Data/Codex/World/Resources/Cotton_CodexEntry.uasset: Package has unversioned properties but mapping file is missing, can't serialize
[ERR] Error while processing Bellwright/Content/Mist/Data/Items/PlaceableDecorations/Tier_3/Dice/DiceRenderTarget.uasset: Package has unversioned properties but mapping file is missing, can't serialize
[ERR] Error while processing Bellwright/Content/Mist/Data/Npcs/Templates/NpcManagerProfiles/RaidMap/Quest/FairDeal/FairDealDesiderio_NpcManagerProfile.uasset: Package has unversioned properties but mapping file is missing, can't serialize
[ERR] Error while processing Bellwright/Content/Mist/Data/Configs/SupplyDemandPriceMod.uasset: Package has unversioned properties but mapping file is missing, can't serialize
[ERR] Error while processing Bellwright/Content/Mist/Data/Placeables/Personal/SleepingBag.uasset: Package has unversioned properties but mapping file is missing, can't serialize
[ERR] Error while processing Bellwright/Content/Mist/Data/Items/Categories/Equipment/Armors/MediumArmors.uasset: Package has unversioned properties but mapping file is missing, can't serialize
[ERR] Error while processing Bellwright/Content/Mist/Data/Items/BrokenItems/BrokenRobberTrousers_Auto.uasset: Package has unversioned properties but mapping file is missing, can't serialize
[ERR] Error while processing Bellwright/Content/Mist/Data/Codex/World/Resources/RoosterCarcass_CodexEntry.uasset: Package has unversioned properties but mapping file is missing, can't serialize
[ERR] Error while processing Bellwright/Content/Mist/Data/Items/PlaceableDecorations/Tier_3/Dice/WBP_DiceOverview.uasset: Package has unversioned properties but mapping file is missing, can't serialize
[ERR] Error while processing Bellwright/Content/Mist/Data/ConstructionSite/Elements/Tier2/HardwoodLogSmall_Bark.uasset: Package has unversioned properties but mapping file is missing, can't serialize
[ERR] Error while processing Bellwright/Content/Mist/Data/Configs/SupplyDemandBuyingPriceMod.uasset: Package has unversioned properties but mapping file is missing, can't serialize
[ERR] Error while processing Bellwright/Content/Mist/Data/Items/BrokenItems/BrokenHalmayansLeader_Lyra_Boots_Auto.uasset: Package has unversioned properties but mapping file is missing, can't serialize
[ERR] Error while processing Bellwright/Content/Mist/Data/Placeables/Neutral/ExcursionMed_TavernSleeping.uasset: Package has unversioned properties but mapping file is missing, can't serialize
[ERR] Error while processing Bellwright/Content/Mist/Data/Items/PlaceableDecorations/Tier_3/Dice/Dice_CodexEntry.uasset: Package has unversioned properties but mapping file is missing, can't serialize
[ERR] Error while processing Bellwright/Content/Mist/Data/Items/Categories/Equipment/Armors/HeavyArmors.uasset: Package has unversioned properties but mapping file is missing, can't serialize
[ERR] Error while processing Bellwright/Content/Mist/Data/Codex/World/Resources/Linen_CodexEntry.uasset: Package has unversioned properties but mapping file is missing, can't serialize
[ERR] Error while processing Bellwright/Content/Mist/Data/ConstructionSite/Elements/Tier2/WoodenBoatPaddle.uasset: Package has unversioned properties but mapping file is missing, can't serialize
[ERR] Error while processing Bellwright/Content/Mist/Data/Items/BrokenItems/BrokenLamellarPlateGauntlets_Auto.uasset: Package has unversioned properties but mapping file is missing, can't serialize
[ERR] Error while processing Bellwright/Content/Mist/Data/Placeables/Roads/StoneRoad.uasset: Package has unversioned properties but mapping file is missing, can't serialize
[ERR] Error while processing Bellwright/Content/Mist/Data/Items/Categories/Equipment/Armors/Armors.uasset: Package has unversioned properties but mapping file is missing, can't serialize
[ERR] Error while processing Bellwright/Content/Mist/Data/Npcs/Templates/NpcManagerProfiles/RaidMap/POIs/CraglightLightHousePoi_NpcManagerProfile.uasset: Package has unversioned properties but mapping file is missing, can't serialize
[ERR] Error while processing Bellwright/Content/Mist/Data/Items/BrokenItems/BrokenSteelLongsword_Auto.uasset: Package has unversioned properties but mapping file is missing, can't serialize
[ERR] Error while processing Bellwright/Content/Mist/Data/ConstructionSite/Elements/Tier2/WoodenPlanksFlat.uasset: Package has unversioned properties but mapping file is missing, can't serialize
[ERR] Error while processing Bellwright/Content/Mist/Data/Codex/World/Resources/BronzeIngot_CodexEntry.uasset: Package has unversioned properties but mapping file is missing, can't serialize
[ERR] Error while processing Bellwright/Content/Mist/Data/Placeables/Roads/DemolishRoad.uasset: Package has unversioned properties but mapping file is missing, can't serialize
[ERR] Error while processing Bellwright/Content/Mist/Data/Items/Categories/Equipment/Tools/Tools.uasset: Package has unversioned properties but mapping file is missing, can't serialize
[ERR] Error while processing Bellwright/Content/Mist/Data/ConstructionSite/Elements/Tier2/GatePartA2.uasset: Package has unversioned properties but mapping file is missing, can't serialize
[ERR] Error while processing Bellwright/Content/Mist/Data/Codex/World/Resources/NickelOre_CodexEntry.uasset: Package has unversioned properties but mapping file is missing, can't serialize
[ERR] Error while processing Bellwright/Content/Mist/Data/Items/BrokenItems/BrokenBrigandsHood_Auto.uasset: Package has unversioned properties but mapping file is missing, can't serialize
[ERR] Error while processing Bellwright/Content/Mist/Data/Items/PlaceableDecorations/Tier_3/Dice/M_DiceRender.uasset: Package has unversioned properties but mapping file is missing, can't serialize
[ERR] Error while processing Bellwright/Content/Mist/Data/ConstructionSite/Elements/Tier2/FakeNailsWood.uasset: Package has unversioned properties but mapping file is missing, can't serialize
[ERR] Error while processing Bellwright/Content/Mist/Data/Codex/World/Resources/HighlandWolfCarcass_CodexEntry.uasset: Package has unversioned properties but mapping file is missing, can't serialize
[ERR] Error while processing Bellwright/Content/Mist/Data/Items/Categories/Equipment/Clothing/ClothingCategoryGroup.uasset: Package has unversioned properties but mapping file is missing, can't serialize
[ERR] Error while processing Bellwright/Content/Mist/Data/Items/BrokenItems/BrokenHighlandsRobbersPants_Auto.uasset: Package has unversioned properties but mapping file is missing, can't serialize
[ERR] Error while processing Bellwright/Content/Mist/Data/Placeables/Roads/DirtRoad.uasset: Package has unversioned properties but mapping file is missing, can't serialize
[ERR] Error while processing Bellwright/Content/Mist/Data/Configs/ProsperityDailyChangeByDifference.uasset: Package has unversioned properties but mapping file is missing, can't serialize
[ERR] Error while processing Bellwright/Content/Mist/Data/Items/Categories/Equipment/Gear/Gear.uasset: Package has unversioned properties but mapping file is missing, can't serialize
[ERR] Error while processing Bellwright/Content/Mist/Data/Codex/World/Resources/WoodenPlank_CodexEntry.uasset: Package has unversioned properties but mapping file is missing, can't serialize
[ERR] Error while processing Bellwright/Content/Mist/Data/Items/BrokenItems/BrokenFalsgarHelmet_04_Auto.uasset: Package has unversioned properties but mapping file is missing, can't serialize
[ERR] Error while processing Bellwright/Content/Mist/Data/Configs/PersistenceFixupConfig.uasset: Package has unversioned properties but mapping file is missing, can't serialize
[ERR] Error while processing Bellwright/Content/Mist/Data/Configs/SupplyDemandSellingPriceMod.uasset: Package has unversioned properties but mapping file is missing, can't serialize
[ERR] Error while processing Bellwright/Content/Mist/Data/Items/Categories/Equipment/Gear/Shields.uasset: Package has unversioned properties but mapping file is missing, can't serialize
[ERR] Error while processing Bellwright/Content/Mist/Data/Codex/World/Resources/ChickenCarcass_CodexEntry.uasset: Package has unversioned properties but mapping file is missing, can't serialize
[ERR] Error while processing Bellwright/Content/Mist/Data/Placeables/Roads/WideDirtRoad.uasset: Package has unversioned properties but mapping file is missing, can't serialize
[ERR] Error while processing Bellwright/Content/Mist/Data/Items/BrokenItems/BrokenMongolGloves_2_Auto.uasset: Package has unversioned properties but mapping file is missing, can't serialize
[ERR] Error while processing Bellwright/Content/Mist/Data/Configs/BanditThreatDailyChangeByDifference.uasset: Package has unversioned properties but mapping file is missing, can't serialize
[ERR] Error while processing Bellwright/Content/Mist/Data/Items/BrokenItems/BrokenHalmayan_Shield_Auto.uasset: Package has unversioned properties but mapping file is missing, can't serialize
[ERR] Error while processing Bellwright/Content/Mist/Data/Items/Categories/Equipment/Weapons/Weapons.uasset: Package has unversioned properties but mapping file is missing, can't serialize
[ERR] Error while processing Bellwright/Content/Mist/Data/Placeables/Walls/WoodenFence.uasset: Package has unversioned properties but mapping file is missing, can't serialize
[ERR] Error while processing Bellwright/Content/Mist/Data/Codex/World/Resources/WolfFang_CodexEntry.uasset: Package has unversioned properties but mapping file is missing, can't serialize
[ERR] Error while processing Bellwright/Content/Mist/Data/Items/BrokenItems/BrokenBackpackBasket_Auto.uasset: Package has unversioned properties but mapping file is missing, can't serialize
[ERR] Error while processing Bellwright/Content/Mist/Data/Codex/World/Resources/CopperIngot_CodexEntry.uasset: Package has unversioned properties but mapping file is missing, can't serialize
[ERR] Error while processing Bellwright/Content/Mist/Data/Configs/CraftingConfig.uasset: Package has unversioned properties but mapping file is missing, can't serialize
[ERR] Error while processing Bellwright/Content/Mist/Data/ConstructionSite/Elements/Tier2/TinyDecoWood.uasset: Package has unversioned properties but mapping file is missing, can't serialize
[ERR] Error while processing Bellwright/Content/Mist/Data/Items/Categories/Equipment/Weapons/TwoHanded.uasset: Package has unversioned properties but mapping file is missing, can't serialize
[ERR] Error while processing Bellwright/Content/Mist/Data/Configs/ForesterConfig.uasset: Package has unversioned properties but mapping file is missing, can't serialize
[ERR] Error while processing Bellwright/Content/Mist/Data/Codex/World/Resources/TinOre_CodexEntry.uasset: Package has unversioned properties but mapping file is missing, can't serialize
[ERR] Error while processing Bellwright/Content/Mist/Data/Quests/MainQuest/TheSigil/TheSigilPart2TalkToAmelie.uasset: Package has unversioned properties but mapping file is missing, can't serialize
[ERR] Error while processing Bellwright/Content/Mist/Data/Npcs/Templates/NpcManagerProfiles/RaidMap/POIs/StormwardenLightHousePoi_NpcManagerProfile.uasset: Package has unversioned properties but mapping file is missing, can't serialize
[ERR] Error while processing Bellwright/Content/Mist/Data/Items/UniqueQuestItems/BlackridgepoolMillerLetter.uasset: Package has unversioned properties but mapping file is missing, can't serialize
[ERR] Error while processing Bellwright/Content/Mist/Data/Codex/World/Resources/CrowCarcass_CodexEntry.uasset: Package has unversioned properties but mapping file is missing, can't serialize
[ERR] Error while processing Bellwright/Content/Mist/Data/Npcs/Templates/NpcManagerProfiles/RaidMap/POIs/GavinsFishStall_NpcManagerProfile.uasset: Package has unversioned properties but mapping file is missing, can't serialize
[ERR] Error while processing Bellwright/Content/Mist/Data/Items/Categories/Equipment/Weapons/Bows.uasset: Package has unversioned properties but mapping file is missing, can't serialize
[ERR] Error while processing Bellwright/Content/Mist/Data/Quests/MainQuest/TheSigil/TheSigilPart2TalkToPatrick.uasset: Package has unversioned properties but mapping file is missing, can't serialize
[ERR] Error while processing Bellwright/Content/Mist/Data/Items/Categories/Equipment/Weapons/OneHanded.uasset: Package has unversioned properties but mapping file is missing, can't serialize
[ERR] Error while processing Bellwright/Content/Mist/Data/Items/UniqueQuestItems/SecretMessage_Letter.uasset: Package has unversioned properties but mapping file is missing, can't serialize
[ERR] Error while processing Bellwright/Content/Mist/Data/ConstructionSite/Elements/Tier2/PalisadePlank.uasset: Package has unversioned properties but mapping file is missing, can't serialize
[ERR] Error while processing Bellwright/Content/Mist/Data/Configs/RaidSpawn.uasset: Package has unversioned properties but mapping file is missing, can't serialize
[ERR] Error while processing Bellwright/Content/Mist/Data/Placeables/Traps/RabbitTrap.uasset: Package has unversioned properties but mapping file is missing, can't serialize
[ERR] Error while processing Bellwright/Content/Mist/Data/Quests/MainQuest/TheSigil/TheSigilPart5TalkToMarcel.uasset: Package has unversioned properties but mapping file is missing, can't serialize
[ERR] Error while processing Bellwright/Content/Mist/Data/Items/Categories/Equipment/Ammo/Ammo.uasset: Package has unversioned properties but mapping file is missing, can't serialize
[ERR] Error while processing Bellwright/Content/Mist/Data/Items/PlaceableDecorations/Tier_3/Dice/M_Wood_Props.uasset: Package has unversioned properties but mapping file is missing, can't serialize
[ERR] Error while processing Bellwright/Content/Mist/Data/Items/UniqueQuestItems/ExbanditLoot.uasset: Package has unversioned properties but mapping file is missing, can't serializeoperties but mapping file is missing, can't serialize
ssing, can't serialize
[ERR] Error while processing Bellwright/Content/Mist/Data/Placeables/Traps/RabbitTrap.uasset: Package
[ERR] Error while processing Bellwright/Content/Mist/Data/ConstructionSite/Elements/Tier2/FabricTent.uasset: Package has unversioned properties but mapping file is missing, can't serialize
[ERR] Error while processing Bellwright/Content/Mist/Data/Items/PlaceableDecorations/Tier_3/Dice/DicePlaceable.uasset: Package has unversioned properties but mapping file is missing, can't serialize
[ERR] Error while processing Bellwright/Content/Mist/Data/Codex/World/Resources/Pelt_CodexEntry.uasset: Package has unversioned properties but mapping file is missing, can't serialize
[ERR] Error while processing Bellwright/Content/Mist/Data/Npcs/Templates/NpcManagerProfiles/RaidMap/POIs/KugsChamber_NpcManagerProfile.uasset: Package has unversioned properties but mapping file is missing, can't serialize
[ERR] Error while processing Bellwright/Content/Mist/Data/Items/UniqueQuestItems/SafetyFirst_WeaponBag.uasset: Package has unversioned properties but mapping file is missing, can't serialize
[ERR] Error while processing Bellwright/Content/Mist/Data/ConstructionSite/Elements/Tier2/T2_GateDoorRope.uasset: Package has unversioned properties but mapping file is missing, can't serialize
[ERR] Error while processing Bellwright/Content/Mist/Data/Placeables/SiegeWeapons/Mangonel.uasset: Package has unversioned properties but mapping file is missing, can't serialize
[ERR] Error while processing Bellwright/Content/Mist/Data/Npcs/Templates/NpcManagerProfiles/RaidMap/POIs/RedholdDefaultPoi_NpcManagerProfile.uasset: Package has unversioned properties but mapping file is missing, can't serialize
[ERR] Error while processing Bellwright/Content/Mist/Data/Items/UniqueQuestItems/FunAndGames_GarrickLetter.uasset: Package has unversioned properties but mapping file is missing, can't serialize
[ERR] Error while processing Bellwright/Content/Mist/Data/Items/PlaceableDecorations/Tier_3/Dice/S_Dice.uasset: Package has unversioned properties but mapping file is missing, can't serialize
[ERR] Error while processing Bellwright/Content/Mist/Data/Items/KnowledgeBooks/Archery/ArcheryKnowledgeStatusEffect_3.uasset: Package has unversioned properties but mapping file is missing, can't serialize
[ERR] Error while processing Bellwright/Content/Mist/Data/Configs/RegionBanditMigrationParty.uasset: Package has unversioned properties but mapping file is missing, can't serialize
[ERR] Error while processing Bellwright/Content/Mist/Data/Placeables/SiegeWeapons/BatteringRam.uasset: Package has unversioned properties but mapping file is missing, can't serialize
[ERR] Error while processing Bellwright/Content/Mist/Data/Codex/World/Resources/Salt_CodexEntry.uasset: Package has unversioned properties but mapping file is missing, can't serialize
[ERR] Error while processing Bellwright/Content/Mist/Data/ConstructionSite/Elements/Tier2/HardWoodRoofAngled.uasset: Package has unversioned properties but mapping file is missing, can't serialize
[ERR] Error while processing Bellwright/Content/Mist/Data/Npcs/Templates/NpcManagerProfiles/RaidMap/POIs/CragkeepBayDefaultPoi_NpcManagerProfile.uasset: Package has unversioned properties but mapping file is missing, can't serialize
[ERR] Error while processing Bellwright/Content/Mist/Data/Configs/SubregionOutgoingMigrationDaysByThreat.uasset: Package has unversioned properties but mapping file is missing, can't serialize
[ERR] Error while processing Bellwright/Content/Mist/Data/Items/KnowledgeBooks/Archery/Archery_KnowledgeBook_4.uasset: Package has unversioned properties but mapping file is missing, can't serialize
[ERR] Error while processing Bellwright/Content/Mist/Data/Items/UniqueQuestItems/FishingRoadParts.uasset: Package has unversioned properties but mapping file is missing, can't serialize
[ERR] Error while processing Bellwright/Content/Mist/Data/Items/PlaceableDecorations/Tier_3/Dice/S_Dice_Cue.uasset: Package has unversioned properties but mapping file is missing, can't serializeialize
[ERR] Error while processing Bellwright/Content/Mist/Data/Npcs/Templates/NpcManagerProfiles/RaidMap/POIs/CragkeepBayDefaultPoi_NpcManagerProfile.uasset: Package has unversione
[ERR] Error while processing Bellwright/Content/Mist/Data/ConstructionSite/Elements/Tier2/RopeKnotDeco.uasset: Package has unversioned properties but mapping file is missing, can't serialize
[ERR] Error while processing Bellwright/Content/Mist/Data/Items/KnowledgeBooks/Archery/Archery_KnowledgeBook_1.uasset: Package has unversioned properties but mapping file is missing, can't serialize
[ERR] Error while processing Bellwright/Content/Mist/Data/Configs/VillageTrustLevels/AssociateTrustLevel.uasset: Package has unversioned properties but mapping file is missing, can't serialize
[ERR] Error while processing Bellwright/Content/Mist/Data/Items/UniqueQuestItems/HeadTraumaWeirdNote.uasset: Package has unversioned properties but mapping file is missing, can't serialize
[ERR] Error while processing Bellwright/Content/Mist/Data/Placeables/SiegeWeapons/HarpoonBallista.uasset: Package has unversioned properties but mapping file is missing, can't serialize
[ERR] Error while processing Bellwright/Content/Mist/Data/ConstructionSite/Elements/Tier2/WoodenBarkInside.uasset: Package has unversioned properties but mapping file is missing, can't serialize
[ERR] Error while processing Bellwright/Content/Mist/Data/Items/KnowledgeBooks/Archery/Archery_KnowledgeBook_2.uasset: Package has unversioned properties but mapping file is missing, can't serialize
[ERR] Error while processing Bellwright/Content/Mist/Data/Npcs/Templates/NpcManagerProfiles/RaidMap/POIs/BeaconholdLightHousePoi_NpcManagerProfile.uasset: Package has unversioned properties but mapping file is missing, can't serialize
[ERR] Error while processing Bellwright/Content/Mist/Data/Configs/VillageTrustLevels/BellwrightTrustLevel.uasset: Package has unversioned properties but mapping file is missing, can't serialize
[ERR] Error while processing Bellwright/Content/Mist/Data/Quests/MainQuest/LordOfTheLowlands/MainQuestLordOfTheLowlands_BackToButcher.uasset: Package has unversioned properties but mapping file is missing, can't serialize
[ERR] Error while processing Bellwright/Content/Mist/Data/ConstructionSite/Elements/Tier2/BoatWoodBody.uasset: Package has unversioned properties but mapping file is missing, can't serialize
[ERR] Error while processing Bellwright/Content/Mist/Data/Items/KnowledgeBooks/Archery/ArcheryKnowledgeStatusEffect_2.uasset: Package has unversioned properties but mapping file is missing, can't serialize
[ERR] Error while processing Bellwright/Content/Mist/Data/Codex/World/Resources/EagleCarcass_CodexEntry.uasset: Package has unversioned properties but mapping file is missing, can't serialize
[ERR] Error while processing Bellwright/Content/Mist/Data/Configs/VillageTrustLevels/StrangerTrustLevel.uasset: Package has unversioned properties but mapping file is missing, can't serialize
[ERR] Error while processing Bellwright/Content/Mist/Data/Npcs/Templates/NpcManagerProfiles/RaidMap/POIs/VillageOutpostDefaultPoi_NpcManagerProfile.uasset: Package has unversioned properties but mapping file is missing, can't serialize
[ERR] Error while processing Bellwright/Content/Mist/Data/Configs/PartyPoints/BigPartyThreatTable.uasset: Package has unversioned properties but mapping file is missing, can't serialize
[ERR] Error while processing Bellwright/Content/Mist/Data/Items/UniqueQuestItems/LostSword_FakeSword.uasset: Package has unversioned properties but mapping file is missing, can't serialize
[ERR] Error while processing Bellwright/Content/Mist/Data/Configs/VillageTrustLevels/FriendTrustLevel.uasset: Package has unversioned properties but mapping file is missing, can't serialize
[ERR] Error while processing Bellwright/Content/Mist/Data/ConstructionSite/Elements/Tier2/SturdyHardwoo.uasset: Package has unversioned properties but mapping file is missing, can't serializetyPointsTemplate.uasset: Package has unversioned properties but mapping file is missing, can't serialize
rofiles/RaidMap/POIs/VillageOutpostDefaultPoi_NpcManagerProfile.uasset: Package has unve
[ERR] Error while processing Bellwright/Content/Mist/Data/Npcs/Templates/NpcManagerProfiles/RaidMap/POIs/KugsChamberInterior_NpcManagerProfile.uasset: Package has unversioned properties but mapping file is missing, can't serialize
[ERR] Error while processing Bellwright/Content/Mist/Data/Configs/VillageTrustLevels/ProtectorTrustLevel.uasset: Package has unversioned properties but mapping file is missing, can't serialize
[ERR] Error while processing Bellwright/Content/Mist/Data/Configs/PartyPoints/RaidMapSmugglersPartyPointsTemplate.uasset: Package has unversioned properties but mapping file is missing, can't serialize
[ERR] Error while processing Bellwright/Content/Mist/Data/Npcs/Templates/NpcManagerProfiles/RaidMap/POIs/KugsChamberBodyguard_NpcManagerProfile.uasset: Package has unversioned properties but mapping file is missing, can't serialize
[ERR] Error while processing Bellwright/Content/Mist/Data/ConstructionSite/Elements/Tier2/FakeVerticalGranite.uasset: Package has unversioned properties but mapping file is missing, can't serialize
[ERR] Error while processing Bellwright/Content/Mist/Data/Configs/PartyPoints/BrigandsPartyPointsTemplate.uasset: Package has unversioned properties but mapping file is missing, can't serialize
[ERR] Error while processing Bellwright/Content/Mist/Data/Configs/VillageTrustLevels/VillageTrustBasedPrices/TavernSleepingPrices.uasset: Package has unversioned properties but mapping file is missing, can't serialize
[ERR] Error while processing Bellwright/Content/Mist/Data/Quests/MainQuest/LordOfTheLowlands/MainQuestLordOfTheLowlands_TalkToPatrykSten.uasset: Package has unversioned properties but mapping file is missing, can't serialize
[ERR] Error while processing Bellwright/Content/Mist/Data/Items/UniqueQuestItems/BagWithBites.uasset: Package has unversioned properties but mapping file is missing, can't serialize
[ERR] Error while processing Bellwright/Content/Mist/Data/Items/KnowledgeBooks/Archery/Archery_KnowledgeBook_5.uasset: Package has unversioned properties but mapping file is missing, can't serialize
[ERR] Error while processing Bellwright/Content/Mist/Data/Configs/Seasons/Autumn.uasset: Package has unversioned properties but mapping file is missing, can't serialize
[ERR] Error while processing Bellwright/Content/Mist/Data/Codex/World/Resources/CottonGrass_CodexEntry.uasset: Package has unversioned properties but mapping file is missing, can't serialize
[ERR] Error while processing Bellwright/Content/Mist/Data/ConstructionSite/Elements/Tier2/WoodenLogs_HardWood.uasset: Package has unversioned properties but mapping file is missing, can't serialize
[ERR] Error while processing Bellwright/Content/Mist/Data/Configs/PartyPoints/LowlandsBanditsPartyPointsTemplate.uasset: Package has unversioned properties but mapping file is missing, can't serialize
[ERR] Error while processing Bellwright/Content/Mist/Data/Configs/Seasons/Winter.uasset: Package has unversioned properties but mapping file is missing, can't serialize
[ERR] Error while processing Bellwright/Content/Mist/Data/Items/KnowledgeBooks/Archery/ArcheryKnowledgeStatusEffect_1.uasset: Package has unversioned properties but mapping file is missing, can't serialize
[ERR] Error while processing Bellwright/Content/Mist/Data/Items/UniqueQuestItems/LetterWithOrderFromMarek.uasset: Package has unversioned properties but mapping file is missing, can't serialize
[ERR] Error while processing Bellwright/Content/Mist/Data/ConstructionSite/Elements/Tier2/SturdyHardwoodPlanks.uasset: Package has unversioned properties but mapping file is missing, can't serialize
[ERR] Error while processing Bellwright/Content/Mist/Data/Configs/PartyPoints/BrigandsRaidPartyTemplate.uasset: Package has unversioned properties but mapping file is missing, can't serialize
[ERR] Error while processing Bellwright/Content/Mist/Data/Npcs/Templates/NpcManagerProfiles/RaidMap/POIs/BertasFishStall_NpcManagerProfile.uasset: Package has unversioned properties but mapping file is missing, can't serialize
[ERR] Error while processing Bellwright/Content/Mist/Data/Codex/World/Resources/GoslingCarcass_CodexEntry.uasset: Package has unversioned properties but mapping file is missing, can't serialize
[ERR] Error while processing Bellwright/Content/Mist/Data/Configs/Seasons/Spring.uasset: Package has unversioned properties but mapping file is missing, can't serialize
[ERR] Error while processing Bellwright/Content/Mist/Data/Quests/SideQuests/Padstow/ProblemWithWolves/ProblemWithWolvesQuest_Talk.uasset: One or more errors occurred. (Arithmetic operation resulted in an overflow.)
[ERR] Error while processing Bellwright/Content/Mist/Data/Quests/MainQuest/LordOfTheLowlands/MainQuestLordOfTheLowlands_TalkToButcher.uasset: Package has unversioned properties but mapping file is missing, can't serialize
[ERR] Error while processing Bellwright/Content/Mist/Data/Quests/RaidMap/ALightHistory/ALightHistoryQuest_TalkToZaira.uasset: Package has unversioned properties but mapping file is missing, can't serialize
[ERR] Error while processing Bellwright/Content/Mist/Data/Configs/PartyPoints/ReclamationPartyThreatTable.uasset: Package has unversioned properties but mapping file is missing, can't serialize
[ERR] Error while processing Bellwright/Content/Mist/Data/Configs/Seasons/Summer.uasset: Package has unversioned properties but mapping file is missing, can't serialize
[ERR] Error while processing Bellwright/Content/Mist/Data/Items/KnowledgeBooks/Archery/ArcheryKnowledgeStatusEffect_5.uasset: Package has unversioned properties but mapping file is missing, can't serialize
[ERR] Error while processing Bellwright/Content/Mist/Data/Quests/SideQuests/Padstow/ProblemWithWolves/ProblemWithWolvesQuest_ReturnAfterKilling.uasset: Package has unversioned properties but mapping file is missing, can't serialize
[ERR] Error while processing Bellwright/Content/Mist/Data/Codex/World/Resources/Peat_CodexEntry.uasset: Package has unversioned properties but mapping file is missing, can't serialize
[ERR] Error while processing Bellwright/Content/Mist/Data/Quests/RaidMap/ALightHistory/ALightHistoryQuest_TalkToHarkin.uasset: Package has unversioned properties but mapping file is missing, can't serialize
[ERR] Error while processing Bellwright/Content/Mist/Data/Quests/MainQuest/LordOfTheLowlands/MainQuestLordOfTheLowlands_KillAshbourne.uasset: Package has unversioned properties but mapping file is missing, can't serialize
[ERR] Error while processing Bellwright/Content/Mist/Data/Items/UniqueQuestItems/SecretSpice.uasset: Package has unversioned properties but mapping file is missing, can't serialize
[ERR] Error while processing Bellwright/Content/Mist/Data/Configs/PartyPoints/SwampPartyPointsTemplate.uasset: Package has unversioned properties but mapping file is missing, can't serialize
[ERR] Error while processing Bellwright/Content/Mist/Data/Configs/PartyPoints/InvasionPartyPointsTemplate.uasset: Package has unversioned properties but mapping file is missing, can't serialize
[ERR] Error while processing Bellwright/Content/Mist/Data/Items/KnowledgeBooks/Archery/Archery_KnowledgeBook_3.uasset: Package has unversioned properties but mapping file is missing, can't serialize
[ERR] Error while processing Bellwright/Content/Mist/Data/Configs/PartyPoints/HighlandsBanditsPartyPointsTemplate.uasset: Package has unversioned properties but mapping file is missing, can't serialize
[ERR] Error while processing Bellwright/Content/Mist/Data/Configs/PartyPoints/InvasionThreatTable.uasset: Package has unversioned properties but mapping file is missing, can't serialize
[ERR] Error while processing Bellwright/Content/Mist/Data/Quests/RaidMap/AWalkingTarget/AWalkingTargetQuest.uasset: Package has unversioned properties but mapping file is missing, can't serialize
[ERR] Error while processing Bellwright/Content/Mist/Data/Codex/World/Resources/Rope_CodexEntry.uasset: Package has unversioned properties but mapping file is missing, can't serialize
[ERR] Error while processing Bellwright/Content/Mist/Data/Items/UniqueQuestItems/MixingFlask.uasset: Package has unversioned properties but mapping file is missing, can't serialize
[ERR] Error while processing Bellwright/Content/Mist/Data/Items/KnowledgeBooks/Archery/ArcheryKnowledgeStatusEffect_4.uasset: Package has unversioned properties but mapping file is missing, can't serialize
[ERR] Error while processing Bellwright/Content/Mist/Data/Quests/MainQuest/LordOfTheLowlands/MainQuestLordOfTheLowlands_TalkToAmelie.uasset: Package has unversioned properties but mapping file is missing, can't serialize
[ERR] Error while processing Bellwright/Content/Mist/Data/Quests/SideQuests/Padstow/ProblemWithWolves/ProblemWithWolvesQuest_ReturnToFarmer.uasset: Package has unversioned properties but mapping file is missing, can't serialize
[ERR] Error while processing Bellwright/Content/Mist/Data/Configs/NPC/NpcRangedSkillAimingDeviationModifierCurve.uasset: Package has unversioned properties but mapping file is missing, can't serialize
[ERR] Error while processing Bellwright/Content/Mist/Data/Items/KnowledgeBooks/Hunting/Hunting_KnowledgeBook_3.uasset: Package has unversioned properties but mapping file is missing, can't serialize
[ERR] Error while processing Bellwright/Content/Mist/Data/Codex/World/Resources/PigeonCarcass_CodexEntry.uasset: Package has unversioned properties but mapping file is missing, can't serialize
[ERR] Error while processing Bellwright/Content/Mist/Data/Quests/SideQuests/Padstow/ProblemWithWolves/ProblemWithWolvesQuest_BringThePotion.uasset: Package has unversioned properties but mapping file is missing, can't serialize
[ERR] Error while processing Bellwright/Content/Mist/Data/Quests/RaidMap/AWalkingTarget/AWalkingTarget_TalkToValde.uasset: Package has unversioned properties but mapping file is missing, can't serialize
[ERR] Error while processing Bellwright/Content/Mist/Data/ConstructionSite/Elements/Tier2/HorizontalWoodenBeam.uasset: Package has unversioned properties but mapping file is missing, can't serialize
[ERR] Error while processing Bellwright/Content/Mist/Data/Items/UniqueQuestItems/AntiPestPotion.uasset: Package has unversioned properties but mapping file is missing, can't serialize
[ERR] Error while processing Bellwright/Content/Mist/Data/Codex/World/Resources/IronNails_CodexEntry.uasset: Package has unversioned properties but mapping file is missing, can't serialize
[ERR] Error while processing Bellwright/Content/Mist/Data/Configs/PartyPoints/TaxPartyThreatTable.uasset: Package has unversioned properties but mapping file is missing, can't serialize
[ERR] Error while processing Bellwright/Content/Mist/Data/Items/KnowledgeBooks/Hunting/HuntingKnowledgeStatusEffect_3.uasset: Package has unversioned properties but mapping file is missing, can't serialize
[ERR] Error while processing Bellwright/Content/Mist/Data/Quests/SideQuests/Padstow/ProblemWithWolves/ProblemWithWolvesQuest_AskHerbalistForHelp.uasset: Package has unversioned properties but mapping file is missing, can't serialize
[ERR] Error while processing Bellwright/Content/Mist/Data/Quests/RaidMap/AWalkingTarget/AWalkingTarget_TalkToPeres.uasset: Package has unversioned properties but mapping file is missing, can't serialize
[ERR] Error while processing Bellwright/Content/Mist/Data/Codex/World/Resources/Caulc_CodexEntry.uasset: Package has unversioned properties but mapping file is missing, can't serialize
[ERR] Error while processing Bellwright/Content/Mist/Data/Items/KnowledgeBooks/Hunting/Hunting_KnowledgeBook_4.uasset: Package has unversioned properties but mapping file is missing, can't serialize
[ERR] Error while processing Bellwright/Content/Mist/Data/Items/UniqueQuestItems/PoisonSample.uasset: Package has unversioned properties but mapping file is missing, can't serialize
[ERR] Error while processing Bellwright/Content/Mist/Data/ConstructionSite/Elements/Tier2/HayRoofPlank.uasset: Package has unversioned properties but mapping file is missing, can't serialize
[ERR] Error while processing Bellwright/Content/Mist/Data/Quests/SideQuests/Padstow/ProblemWithWolves/ProblemWithWolvesQuest.uasset: Package has unversioned properties but mapping file is missing, can't serialize
[ERR] Error while processing Bellwright/Content/Mist/Data/Quests/RaidMap/AWalkingTarget/AWalkingTarget_KillDain.uasset: Package has unversioned properties but mapping file is missing, can't serialize
[ERR] Error while processing Bellwright/Content/Mist/Data/Configs/PartyPoints/BrigandsReclamationPartyTemplate.uasset: Package has unversioned properties but mapping file is missing, can't serialize
[ERR] Error while processing Bellwright/Content/Mist/Data/Codex/World/Resources/Beer_CodexEntry.uasset: Package has unversioned properties but mapping file is missing, can't serialize
[ERR] Error while processing Bellwright/Content/Mist/Data/Items/KnowledgeBooks/Hunting/HuntingKnowledgeStatusEffect_1.uasset: Package has unversioned properties but mapping file is missing, can't serialize
[ERR] Error while processing Bellwright/Content/Mist/Data/Configs/NPC/NpcRangedVerticalDeviationByDistanceCurve.uasset: Package has unversioned properties but mapping file is missing, can't serialize
[ERR] Error while processing Bellwright/Content/Mist/Data/Items/UniqueQuestItems/CartTools.uasset: Package has unversioned properties but mapping file is missing, can't serialize
[ERR] Error while processing Bellwright/Content/Mist/Data/ConstructionSite/Elements/Tier2/FakeSteelCube.uasset: Package has unversioned properties but mapping file is missing, can't serialize
[ERR] Error while processing Bellwright/Content/Mist/Data/Codex/World/Resources/Cob_CodexEntry.uasset: Package has unversioned properties but mapping file is missing, can't serialize
[ERR] Error while processing Bellwright/Content/Mist/Data/Configs/NPC/DurationByExpCurve.uasset: Package has unversioned properties but mapping file is missing, can't serialize
[ERR] Error while processing Bellwright/Content/Mist/Data/Configs/PartyPoints/BrigandsTaxPartyTemplate.uasset: Package has unversioned properties but mapping file is missing, can't serialize
[ERR] Error while processing Bellwright/Content/Mist/Data/ConstructionSite/Elements/Tier2/WoodPlanks_HardPlank.uasset: Package has unversioned properties but mapping file is missing, can't serialize
[ERR] Error while processing Bellwright/Content/Mist/Data/Items/UniqueQuestItems/PickpocketHead.uasset: Package has unversioned properties but mapping file is missing, can't serialize
[ERR] Error while processing Bellwright/Content/Mist/Data/Items/KnowledgeBooks/Hunting/Hunting_KnowledgeBook_1.uasset: Package has unversioned properties but mapping file is missing, can't serialize
[ERR] Error while processing Bellwright/Content/Mist/Data/Codex/World/Resources/GanderCarcass_CodexEntry.uasset: Package has unversioned properties but mapping file is missing, can't serialize
[ERR] Error while processing Bellwright/Content/Mist/Data/Configs/NPC/AlertnessMultiplierFromDistancePercentage.uasset: Package has unversioned properties but mapping file is missing, can't serialize
[ERR] Error while processing Bellwright/Content/Mist/Data/Configs/PartyPoints/BrigandsBigPartyTemplate.uasset: Package has unversioned properties but mapping file is missing, can't serialize
[ERR] Error while processing Bellwright/Content/Mist/Data/Items/KnowledgeBooks/Hunting/HuntingKnowledgeStatusEffect_4.uasset: Package has unversioned properties but mapping file is missing, can't serialize
[ERR] Error while processing Bellwright/Content/Mist/Data/Items/UniqueQuestItems/FIshermanLetter.uasset: Package has unversioned properties but mapping file is missing, can't serialize
[ERR] Error while processing Bellwright/Content/Mist/Data/Codex/World/Resources/TinIngot_CodexEntry.uasset: Package has unversioned properties but mapping file is missing, can't serialize
[ERR] Error while processing Bellwright/Content/Mist/Data/Npcs/Templates/NpcManagerProfiles/RaidMap/POIs/ConquestPois/Cassians/CassiansConquestVillageOutpost_NpcManagerProfile.uasset: Package has unversioned properties but mapping file is missing, can't serialize
[ERR] Error while processing Bellwright/Content/Mist/Data/Configs/NPC/MovementSpeedReductionMitigationByStrength.uasset: Package has unversioned properties but mapping file is missing, can't serialize
[ERR] Error while processing Bellwright/Content/Mist/Data/Quests/SideQuests/Padstow/Mixology/MixologyQuest_TalkToHerbalist.uasset: Package has unversioned properties but mapping file is missing, can't serialize
[ERR] Error while processing Bellwright/Content/Mist/Data/Configs/NPC/FallDamageMultiplierFromMaxHealth.uasset: Package has unversioned properties but mapping file is missing, can't serialize
[ERR] Error while processing Bellwright/Content/Mist/Data/Codex/World/Resources/IronOre_CodexEntry.uasset: Package has unversioned properties but mapping file is missing, can't serialize
[ERR] Error while processing Bellwright/Content/Mist/Data/Items/UniqueQuestItems/Cult3_CultNote.uasset: Package has unversioned properties but mapping file is missing, can't serialize
[ERR] Error while processing Bellwright/Content/Mist/Data/Items/KnowledgeBooks/Hunting/Hunting_KnowledgeBook_2.uasset: Package has unversioned properties but mapping file is missing, can't serialize
[ERR] Error while processing Bellwright/Content/Mist/Data/Npcs/Templates/NpcManagerProfiles/RaidMap/POIs/ConquestPois/Cassians/CassiansConquestHarthbayVillagePoi_NpcManagerProfile.uasset: Package has unversioned properties but mapping file is missing, can't serialize
[ERR] Error while processing Bellwright/Content/Mist/Data/Tutorials/Building_TutorialEntry.uasset: Package has unversioned properties but mapping file is missing, can't serialize
[ERR] Error while processing Bellwright/Content/Mist/Data/Codex/World/Resources/RawHide_CodexEntry.uasset: Package has unversioned properties but mapping file is missing, can't serialize
[ERR] Error while processing Bellwright/Content/Mist/Data/ConstructionSite/Elements/Tier2/HardwoodBark.uasset: Package has unversioned properties but mapping file is missing, can't serialize
[ERR] Error while processing Bellwright/Content/Mist/Data/Items/KnowledgeBooks/Hunting/HuntingKnowledgeStatusEffect_2.uasset: Package has unversioned properties but mapping file is missing, can't serialize
[ERR] Error while processing Bellwright/Content/Mist/Data/Configs/NPC/AlertnessMultiplierFromMovementSpeed.uasset: Package has unversioned properties but mapping file is missing, can't serialize
[ERR] Error while processing Bellwright/Content/Mist/Data/Codex/World/Resources/DeerCarcass_CodexEntry.uasset: Package has unversioned properties but mapping file is missing, can't serialize
[ERR] Error while processing Bellwright/Content/Mist/Data/ConstructionSite/Elements/Tier2/GranitePiece.uasset: Package has unversioned properties but mapping file is missing, can't serialize
[ERR] Error while processing Bellwright/Content/Mist/Data/Npcs/Templates/NpcManagerProfiles/RaidMap/POIs/ConquestPois/Cassians/CassiansConquestRustshoreVillagePoi_NpcManagerProfile.uasset: Package has unversioned properties but mapping file is missing, can't serialize
[ERR] Error while processing Bellwright/Content/Mist/Data/Items/KnowledgeBooks/Hunting/HuntingKnowledgeStatusEffect_5.uasset: Package has unversioned properties but mapping file is missing, can't serialize
[ERR] Error while processing Bellwright/Content/Mist/Data/Configs/NPC/NpcRangedHorizontalDeviationByAngularVelocityCurve.uasset: Package has unversioned properties but mapping file is missing, can't serialize
[ERR] Error while processing Bellwright/Content/Mist/Data/Tutorials/Health_TutorialEntry.uasset: Package has unversioned properties but mapping file is missing, can't serialize
[ERR] Error while processing Bellwright/Content/Mist/Data/Quests/SideQuests/Padstow/Mixology/MixologyQuest_DeliverNothing.uasset: Package has unversioned properties but mapping file is missing, can't serialize
[ERR] Error while processing Bellwright/Content/Mist/Data/ConstructionSite/Elements/Tier2/T2_GateFrameRope.uasset: Package has unversioned properties but mapping file is missing, can't serializeerialize
alize
[ERR] Error while processing Bellwright/Content/Mist/Data/Items/KnowledgeBooks/Hunting/HuntingKnowledgeStatusEffect_5.uasset: Package has unversioned properties but map
[ERR] Error while processing Bellwright/Content/Mist/Data/Tutorials/Combat_TutorialEntry.uasset: Package has unversioned properties but mapping file is missing, can't serialize
[ERR] Error while processing Bellwright/Content/Mist/Data/Items/KnowledgeBooks/Hunting/Hunting_KnowledgeBook_5.uasset: Package has unversioned properties but mapping file is missing, can't serialize
[ERR] Error while processing Bellwright/Content/Mist/Data/Codex/World/Resources/Herbs/TreeSaplingCodexEntry.uasset: Package has unversioned properties but mapping file is missing, can't serialize
[ERR] Error while processing Bellwright/Content/Mist/Data/ConstructionSite/Elements/Tier2/PallisadeLogs.uasset: Package has unversioned properties but mapping file is missing, can't serialize
[ERR] Error while processing Bellwright/Content/Mist/Data/Codex/World/Resources/Herbs/Flax_CodexEntry.uasset: Package has unversioned properties but mapping file is missing, can't serialize
[ERR] Error while processing Bellwright/Content/Mist/Data/Npcs/Templates/NpcManagerProfiles/RaidMap/POIs/ConquestPois/Cassians/CassiansConquestRedholdGuardPostPoi_NpcManagerProfile.uasset: Package has unversioned properties but mapping file is missing, can't serialize
[ERR] Error while processing Bellwright/Content/Mist/Data/Codex/World/Resources/Herbs/Garlic_CodexEntry.uasset: Package has unversioned properties but mapping file is missing, can't serialize
[ERR] Error while processing Bellwright/Content/Mist/Data/Items/UniqueQuestItems/ToolsForMiller.uasset: Package has unversioned properties but mapping file is missing, can't serialize
[ERR] Error while processing Bellwright/Content/Mist/Data/Items/KnowledgeBooks/Agility/Agility_KnowledgeBook_2.uasset: Package has unversioned properties but mapping file is missing, can't serialize
[ERR] Error while processing Bellwright/Content/Mist/Data/ConstructionSite/Elements/Tier2/HardwoodBarkInside.uasset: Package has unversioned properties but mapping file is missing, can't serialize
[ERR] Error while processing Bellwright/Content/Mist/Data/Npcs/Templates/NpcManagerProfiles/RaidMap/POIs/ConquestPois/Cassians/CassiansConquestCragkeepBayPoi_NpcManagerProfile.uasset: Package has unversioned properties but mapping file is missing, can't serialize
[ERR] Error while processing Bellwright/Content/Mist/Data/Codex/World/Resources/Herbs/Hemp_CodexEntry.uasset: Package has unversioned properties but mapping file is missing, can't serialize
[ERR] Error while processing Bellwright/Content/Mist/Data/Items/KnowledgeBooks/Agility/AgilityKnowledgeStatusEffect_1.uasset: Package has unversioned properties but mapping file is missing, can't serialize
[ERR] Error while processing Bellwright/Content/Mist/Data/Items/UniqueQuestItems/CryMeARiver_Antidote.uasset: Package has unversioned properties but mapping file is missing, can't serialize
[ERR] Error while processing Bellwright/Content/Mist/Data/Tutorials/Liberation_TutorialEntry.uasset: Package has unversioned properties but mapping file is missing, can't serialize
[ERR] Error while processing Bellwright/Content/Mist/Data/ConstructionSite/Elements/Tier2/HardwoodLogSmall.uasset: Package has unversioned properties but mapping file is missing, can't serialize
[ERR] Error while processing Bellwright/Content/Mist/Data/Npcs/Templates/NpcManagerProfiles/RaidMap/POIs/ConquestPois/Cassians/CassiansConquestNaurohVillage_NpcManagerProfile.uasset: Package has unversioned properties but mapping file is missing, can't serialize
[ERR] Error while processing Bellwright/Content/Mist/Data/Items/KnowledgeBooks/Agility/Agility_KnowledgeBook_1.uasset: Package has unversioned properties but mapping file is missing, can't serialize
[ERR] Error while processing Bellwright/Content/Mist/Data/Crafting/Catalysts/TanningActivationCatalyst.uasset: Package has unversioned properties but mapping file is missing, can't serialize serialize
ng Bellwright/Content/Mist/Data/Tutorials/Liberation_TutorialEntry.uasset: Package has unversioned properties but mapping file is missing, can't serialize
[ERR] Error while proc
[ERR] Error while processing Bellwright/Content/Mist/Data/ConstructionSite/Elements/Tier2/TinyRope.uasset: Package has unversioned properties but mapping file is missing, can't serialize
[ERR] Error while processing Bellwright/Content/Mist/Data/Tutorials/Prosperity_TutorialEntry.uasset: Package has unversioned properties but mapping file is missing, can't serialize
[ERR] Error while processing Bellwright/Content/Mist/Data/Items/KnowledgeBooks/Agility/AgilityKnowledgeStatusEffect_5.uasset: Package has unversioned properties but mapping file is missing, can't serialize
[ERR] Error while processing Bellwright/Content/Mist/Data/Npcs/Templates/NpcManagerProfiles/RaidMap/POIs/ConquestPois/Cassians/CassiansConquestCragkeepCastlePoi_NpcManagerProfile.uasset: Package has unversioned properties but mapping file is missing, can't serialize
[ERR] Error while processing Bellwright/Content/Mist/Data/Codex/World/Resources/FishingLootContainers/FishingLootContainers_CodexEntry.uasset: Package has unversioned properties but mapping file is missing, can't serialize
[ERR] Error while processing Bellwright/Content/Mist/Data/Tutorials/TrustAndRenown_TutorialEntry.uasset: Package has unversioned properties but mapping file is missing, can't serialize
[ERR] Error while processing Bellwright/Content/Mist/Data/Items/KnowledgeBooks/Agility/AgilityKnowledgeStatusEffect_2.uasset: Package has unversioned properties but mapping file is missing, can't serialize
[ERR] Error while processing Bellwright/Content/Mist/Data/Items/UniqueQuestItems/AnnaSpicies.uasset: Package has unversioned properties but mapping file is missing, can't serialize
[ERR] Error while processing Bellwright/Content/Mist/Data/ConstructionSite/Elements/Tier2/WoodenPlatformStilts.uasset: Package has unversioned properties but mapping file is missing, can't serialize
[ERR] Error while processing Bellwright/Content/Mist/Data/Codex/World/Resources/Fishes/Clawfin_CodexEntry.uasset: Package has unversioned properties but mapping file is missing, can't serialize
[ERR] Error while processing Bellwright/Content/Mist/Data/Items/KnowledgeBooks/Agility/Agility_KnowledgeBook_3.uasset: Package has unversioned properties but mapping file is missing, can't serialize
[ERR] Error while processing Bellwright/Content/Mist/Data/Codex/World/Resources/Fishes/StripedCatfin_CodexEntry.uasset: Package has unversioned properties but mapping file is missing, can't serialize
[ERR] Error while processing Bellwright/Content/Mist/Data/Npcs/Templates/NpcManagerProfiles/RaidMap/POIs/ConquestPois/Cassians/CassiansConquestTradePortPoi_NpcManagerProfile.uasset: Package has unversioned properties but mapping file is missing, can't serialize
[ERR] Error while processing Bellwright/Content/Mist/Data/Tutorials/Hire_TutorialEntry.uasset: Package has unversioned properties but mapping file is missing, can't serialize
[ERR] Error while processing Bellwright/Content/Mist/Data/Items/UniqueQuestItems/SafetyFirst_TradersBag.uasset: Package has unversioned properties but mapping file is missing, can't serialize
[ERR] Error while processing Bellwright/Content/Mist/Data/ConstructionSite/Elements/Tier2/BoatFabric.uasset: Package has unversioned properties but mapping file is missing, can't serialize
[ERR] Error while processing Bellwright/Content/Mist/Data/Crafting/Catalysts/OrchardTreeCuttingCatalyst.uasset: Package has unversioned properties but mapping file is missing, can't serialize
[ERR] Error while processing Bellwright/Content/Mist/Data/Items/KnowledgeBooks/Agility/Agility_KnowledgeBook_5.uasset: Package has unversioned properties but mapping file is missing, can't serialize
[ERR] Error while processing Bellwright/Content/Mist/Data/Codex/World/Resources/Fishes/OrangeSnapper_CodexEntry.uasset: Package has unversioned properties but mapping file is missing, can't serialize
[ERR] Error while processing Bellwright/Content/Mist/Data/Tutorials/NpcManagement_TutorialEntry.uasset: Package has unversioned properties but mapping file is missing, can't serialize
[ERR] Error while processing Bellwright/Content/Mist/Data/Items/UniqueQuestItems/StolenGoodsThievesofHarthbay.uasset: Package has unversioned properties but mapping file is missing, can't serialize
[ERR] Error while processing Bellwright/Content/Mist/Data/ConstructionSite/Elements/Tier2/VerticalLongThinHardPlank.uasset: Package has unversioned properties but mapping file is missing, can't serialize
[ERR] Error while processing Bellwright/Content/Mist/Data/Codex/World/Resources/Fishes/GoldenBandedfish_CodexEntry.uasset: Package has unversioned properties but mapping file is missing, can't serialize
[ERR] Error while processing Bellwright/Content/Mist/Data/Items/KnowledgeBooks/Agility/Agility_KnowledgeBook_4.uasset: Package has unversioned properties but mapping file is missing, can't serialize
[ERR] Error while processing Bellwright/Content/Mist/Data/Items/UniqueQuestItems/ToolsForDalibor.uasset: Package has unversioned properties but mapping file is missing, can't serialize
[ERR] Error while processing Bellwright/Content/Mist/Data/Tutorials/Test_GearPresetTutorialEntry.uasset: Package has unversioned properties but mapping file is missing, can't serialize
[ERR] Error while processing Bellwright/Content/Mist/Data/Items/KnowledgeBooks/Agility/AgilityKnowledgeStatusEffect_3.uasset: Package has unversioned properties but mapping file is missing, can't serialize
[ERR] Error while processing Bellwright/Content/Mist/Data/Codex/World/Resources/Fishes/SpeckledSpotfin_CodexEntry.uasset: Package has unversioned properties but mapping file is missing, can't serialize
[ERR] Error while processing Bellwright/Content/Mist/Data/ConstructionSite/Elements/Tier2/HardwoodLongThinStick.uasset: Package has unversioned properties but mapping file is missing, can't serialize
[ERR] Error while processing Bellwright/Content/Mist/Data/Tutorials/CaravanStation_TutorialEntry.uasset: Package has unversioned properties but mapping file is missing, can't serialize
[ERR] Error while processing Bellwright/Content/Mist/Data/Quests/MainQuest/OnGreatCruise/OnGreatCruiseQuest_MeetGilroyLoxley.uasset: Package has unversioned properties but mapping file is missing, can't serialize
[ERR] Error while processing Bellwright/Content/Mist/Data/Items/UniqueQuestItems/ClosureNecklace.uasset: Package has unversioned properties but mapping file is missing, can't serialize
[ERR] Error while processing Bellwright/Content/Mist/Data/ConstructionSite/Elements/Tier2/BattlementsPalisade.uasset: Package has unversioned properties but mapping file is missing, can't serialize
[ERR] Error while processing Bellwright/Content/Mist/Data/Placeables/VillageImprovements/VM_Stables.uasset: Package has unversioned properties but mapping file is missing, can't serialize
[ERR] Error while processing Bellwright/Content/Mist/Data/Items/KnowledgeBooks/Agility/AgilityKnowledgeStatusEffect_4.uasset: Package has unversioned properties but mapping file is missing, can't serialize
[ERR] Error while processing Bellwright/Content/Mist/Data/Crafting/AutoGeneration/Well.uasset: Package has unversioned properties but mapping file is missing, can't serialize
[ERR] Error while processing Bellwright/Content/Mist/Data/Quests/MainQuest/OnGreatCruise/OnGreatCruiseQuest_CheckWithAmelie.uasset: Package has unversioned properties but mapping file is missing, can't serialize
[ERR] Error while processing Bellwright/Content/Mist/Data/Codex/World/Resources/Fishes/RedscaleStriper_CodexEntry.uasset: Package has unversioned properties but mapping file is missing, can't serialize
[ERR] Error while processing Bellwright/Content/Mist/Data/Items/KnowledgeBooks/Shields/ShieldsKnowledgeStatusEffect_4.uasset: Package has unversioned properties but mapping file is missing, can't serializeellwright/Content/Mist/Data/Crafting/AutoGeneration/RainwaterCollector.uasset: Package has unversioned properties but mapping file is missing, can't serialize
[ERR] Error while processing Bellwright/Content/Mist/Data/Items/UniqueQuestItems/SirMedivalPart3_Treasure.uasset: Package has unversioned properties but mapping file is missing, can't serialize
[ERR] Error while processing Bellwright/Content/Mist/Data/Quests/MainQuest/OnGreatCruise/OnGreatCruiseQuest_ReportToAmelie.uasset: Package has unversioned properties but mapping file is missing, can't serialize
[ERR] Error while processing Bellwright/Content/Mist/Data/Codex/World/Resources/Fishes/MoltenBlackfin_CodexEntry.uasset: Package has unversioned properties but mapping file is missing, can't serialize
[ERR] Error while processing Bellwright/Content/Mist/Data/Crafting/Furnace/EasyRecipeTemperature.uasset: Package has unversioned properties but mapping file is missing, can't serialize
rsioned properties but mapping
[ERR] Error while processing Bellwright/Content/Mist/Data/Quests/MainQuest/OnGreatCruise/OnGreatCruiseQuest_KillLoxley.uasset: Package has unversioned properties but mapping file is missing, can't serialize
[ERR] Error while processing Bellwright/Content/Mist/Data/Items/UniqueQuestItems/BrigandsLetter.uasset: Package has unversioned properties but mapping file is missing, can't serialize
[ERR] Error while processing Bellwright/Content/Mist/Data/ConstructionSite/Elements/Tier2/DoorKnobTiny.uasset: Package has unversioned properties but mapping file is missing, can't serialize
[ERR] Error while processing Bellwright/Content/Mist/Data/Codex/World/Resources/Fishes/LeopardFlamefish_CodexEntry.uasset: Package has unversioned properties but mapping file is missing, can't serialize
[ERR] Error while processing Bellwright/Content/Mist/Data/Crafting/Catalysts/FertilizerCatalyst.uasset: Package has unversioned properties but mapping file is missing, can't serialize
[ERR] Error while processing Bellwright/Content/Mist/Data/Items/KnowledgeBooks/Shields/Shields_KnowledgeBook_1.uasset: Package has unversioned properties but mapping file is missing, can't serialize
[ERR] Error while processing Bellwright/Content/Mist/Data/Items/UniqueQuestItems/TheCraftsmansTools.uasset: Package has unversioned properties but mapping file is missing, can't serialize
[ERR] Error while processing Bellwright/Content/Mist/Data/Quests/MainQuest/OnGreatCruise/GilroyLoxleyNPCTalk.uasset: Package has unversioned properties but mapping file is missing, can't serialize
[ERR] Error while processing Bellwright/Content/Mist/Data/Codex/World/Resources/Fishes/RainbowSpeckler_CodexEntry.uasset: Package has unversioned properties but mapping file is missing, can't serialize
[ERR] Error while processing Bellwright/Content/Mist/Data/Codex/World/Resources/Fishes/SpottedGluttonfish_CodexEntry.uasset: Package has unversioned properties but mapping file is missing, can't serialize
[ERR] Error while processing Bellwright/Content/Mist/Data/Quests/MainQuest/OnGreatCruise/OnGreatCruiseQuest.uasset: Package has unversioned properties but mapping file is missing, can't serialize
[ERR] Error while processing Bellwright/Content/Mist/Data/Items/UniqueQuestItems/ACutAboveGlue.uasset: Package has unversioned properties but mapping file is missing, can't serialize
[ERR] Error while processing Bellwright/Content/Mist/Data/ConstructionSite/Elements/Tier2/TinyWoodenPiece.uasset: Package has unversioned properties but mapping file is missing, can't serialize
[ERR] Error while processing Bellwright/Content/Mist/Data/Codex/World/Resources/Fishes/CrimsonDartfish_CodexEntry.uasset: Package has unversioned properties but mapping file is missing, can't serialize
[ERR] Error while processing Bellwright/Content/Mist/Data/Items/KnowledgeBooks/Shields/Shields_KnowledgeBook_3.uasset: Package has unversioned properties but mapping file is missing, can't serialize
[ERR] Error while processing Bellwright/Content/Mist/Data/Codex/World/Resources/Fishes/SteelfinGlider_CodexEntry.uasset: Package has unversioned properties but mapping file is missing, can't serialize
[ERR] Error while processing Bellwright/Content/Mist/Data/Items/KnowledgeBooks/Shields/ShieldsKnowledgeStatusEffect_5.uasset: Package has unversioned properties but mapping file is missing, can't serialize
[ERR] Error while processing Bellwright/Content/Mist/Data/Codex/World/Resources/Fishes/StripedShadowtail_CodexEntry.uasset: Package has unversioned properties but mapping file is missing, can't serialize
[ERR] Error while processing Bellwright/Content/Mist/Data/Items/UniqueQuestItems/ToolsForRobinEbbot.uasset: Package has unversioned properties but mapping file is missing, can't serialize
[ERR] Error while processing Bellwright/Content/Mist/Data/Items/KnowledgeBooks/Shields/Shields_KnowledgeBook_2.uasset: Package has unversioned properties but mapping file is missing, can't serialize
[ERR] Error while processing Bellwright/Content/Mist/Data/Quests/SideQuests/Padstow/Mixology/MixologyQuest_CheckingRecipeTalk.uasset: Package has unversioned properties but mapping file is missing, can't serialize
[ERR] Error while processing Bellwright/Content/Mist/Data/Codex/World/Resources/Fishes/EbonEel_CodexEntry.uasset: Package has unversioned properties but mapping file is missing, can't serialize
[ERR] Error while processing Bellwright/Content/Mist/Data/Quests/RaidMap/AWalkingTarget/AWalkingTarget_TalkToLozar.uasset: Package has unversioned properties but mapping file is missing, can't serialize
[ERR] Error while processing Bellwright/Content/Mist/Data/Items/UniqueQuestItems/ACutAboveAxeHeads.uasset: Package has unversioned properties but mapping file is missing, can't serialize
[ERR] Error while processing Bellwright/Content/Mist/Data/Items/KnowledgeBooks/Shields/ShieldsKnowledgeStatusEffect_2.uasset: Package has unversioned properties but mapping file is missing, can't serialize
[ERR] Error while processing Bellwright/Content/Mist/Data/ConstructionSite/Elements/Tier2/HardWoodenPlanksFlat.uasset: Package has unversioned properties but mapping file is missing, can't serialize
[ERR] Error while processing Bellwright/Content/Mist/Data/Codex/World/Resources/Fishes/SilverBroadfin_CodexEntry.uasset: Package has unversioned properties but mapping file is missing, can't serialize
[ERR] Error while processing Bellwright/Content/Mist/Data/Items/UniqueQuestItems/GlueForBlacksmith.uasset: Package has unversioned properties but mapping file is missing, can't serialize
[ERR] Error while processing Bellwright/Content/Mist/Data/Items/KnowledgeBooks/Shields/ShieldsKnowledgeStatusEffect_3.uasset: Package has unversioned properties but mapping file is missing, can't serialize
[ERR] Error while processing Bellwright/Content/Mist/Data/Quests/MainQuest/DifferentOutcome/MainQuestDifferentOutcome_FirstTalkToAmelie.uasset: Package has unversioned properties but mapping file is missing, can't serialize
[ERR] Error while processing Bellwright/Content/Mist/Data/Quests/RaidMap/AWalkingTarget/AWalkingTarget_TalkToPetrides.uasset: Package has unversioned properties but mapping file is missing, can't serialize
[ERR] Error while processing Bellwright/Content/Mist/Data/ConstructionSite/Elements/Tier2/HayRoofLargePiece.uasset: Package has unversioned properties but mapping file is missing, can't serialize
[ERR] Error while processing Bellwright/Content/Mist/Data/Quests/MainQuest/DifferentOutcome/MainQuestDifferentOutcome_TalkToPaulHerryAfter.uasset: Package has unversioned properties but mapping file is missing, can't serialize
[ERR] Error while processing Bellwright/Content/Mist/Data/Codex/World/Resources/Fishes/RadMap/BeardedMullet_CodexEntry.uasset: Package has unversioned properties but mapping file is missing, can't serialize
[ERR] Error while processing Bellwright/Content/Mist/Data/Quests/RaidMap/OnTheKnifesEdge/OntheKnifesEdgeQuest_BringSwords.uasset: Package has unversioned properties but mapping file is missing, can't serialize
[ERR] Error while processing Bellwright/Content/Mist/Data/Items/KnowledgeBooks/Shields/ShieldsKnowledgeStatusEffect_1.uasset: Package has unversioned properties but mapping file is missing, can't serialize
[ERR] Error while processing Bellwright/Content/Mist/Data/Npcs/Templates/NpcManagerProfiles/RaidMap/POIs/ConquestPois/Neutral/NeutralConquestRedholdGuardPostPoi_NpcManagerProfile.uasset: Package has unversioned properties but mapping file is missing, can't serialize
[ERR] Error while processing Bellwright/Content/Mist/Data/Quests/MainQuest/DifferentOutcome/MainQuestDifferentOutcome_TalkToAnsel.uasset: Package has unversioned properties but mapping file is missing, can't serialize
[ERR] Error while processing Bellwright/Content/Mist/Data/ConstructionSite/Elements/Tier2/TinyDecoStick.uasset: Package has unversioned properties but mapping file is missing, can't serialize
[ERR] Error while processing Bellwright/Content/Mist/Data/Crafting/Catalysts/OrchardShovelCatalyst.uasset: Package has unversioned properties but mapping file is missing, can't serialize
[ERR] Error while processing Bellwright/Content/Mist/Data/Codex/World/Resources/Fishes/RadMap/ShortfinInkfish_CodexEntry.uasset: Package has unversioned properties but mapping file is missing, can't serialize
[ERR] Error while processing Bellwright/Content/Mist/Data/Quests/SideQuests/Padstow/Mixology/MixologyQuest_TalkToMarlinFurke.uasset: Package has unversioned properties but mapping file is missing, can't serialize
[ERR] Error while processing Bellwright/Content/Mist/Data/Quests/MainQuest/DifferentOutcome/MainQuestDifferentOutcome_TalkToAmelieAfter.uasset: Package has unversioned properties but mapping file is missing, can't serialize
[ERR] Error while processing Bellwright/Content/Mist/Data/Items/KnowledgeBooks/Shields/Shields_KnowledgeBook_5.uasset: Package has unversioned properties but mapping file is missing, can't serialize
[ERR] Error while processing Bellwright/Content/Mist/Data/Npcs/Templates/NpcManagerProfiles/RaidMap/POIs/ConquestPois/Neutral/NeutralConquestNaurohVillagePoi_NpcManagerProfile.uasset: Package has unversioned properties but mapping file is missing, can't serialize
[ERR] Error while processing Bellwright/Content/Mist/Data/ConstructionSite/Elements/Tier2/T2_GateRope.uasset: Package has unversioned properties but mapping file is missing, can't serialize
[ERR] Error while processing Bellwright/Content/Mist/Data/Items/KnowledgeBooks/Shields/Shields_KnowledgeBook_4.uasset: Package has unversioned properties but mapping file is missing, can't serialize
[ERR] Error while processing Bellwright/Content/Mist/Data/Npcs/Templates/NpcManagerProfiles/RaidMap/POIs/ConquestPois/Neutral/NeutralConquestCragkeepCastlePoi_NpcManagerProfile.uasset: Package has unversioned properties but mapping file is missing, can't serialize
[ERR] Error while processing Bellwright/Content/Mist/Data/ConstructionSite/Elements/Tier2/BoatWood.uasset: Package has unversioned properties but mapping file is missing, can't serialize
[ERR] Error while processing Bellwright/Content/Mist/Data/Codex/World/Resources/Fishes/RadMap/Snakefish_CodexEntry.uasset: Package has unversioned properties but mapping file is missing, can't serialize
[ERR] Error while processing Bellwright/Content/Mist/Data/Npcs/Templates/NpcManagerProfiles/RaidMap/POIs/ConquestPois/Neutral/NeutralConquestRustshoreVillagePoi_NpcManagerProfile.uasset: Package has unversioned properties but mapping file is missing, can't serialize
[ERR] Error while processing Bellwright/Content/Mist/Data/Items/KnowledgeBooks/Crafting/Crafting_KnowledgeBook_2.uasset: Package has unversioned properties but mapping file is missing, can't serialize
[ERR] Error while processing Bellwright/Content/Mist/Data/ConstructionSite/Elements/Tier2/HardwoodPlankThin_Bark.uasset: Package has unversioned properties but mapping file is missing, can't serialize
[ERR] Error while processing Bellwright/Content/Mist/Data/Quests/MainQuest/DifferentOutcome/MainQuestDifferentOutcome_TalkToElderMarcel.uasset: Package has unversioned properties but mapping file is missing, can't serialize
[ERR] Error while processing Bellwright/Content/Mist/Data/Npcs/Templates/NpcManagerProfiles/RaidMap/POIs/ConquestPois/Neutral/NeutralConquestOpportunistBlissPoi_NpcManagerProfile.uasset: Package has unversioned properties but mapping file is missing, can't serialize
[ERR] Error while processing Bellwright/Content/Mist/Data/Codex/World/Resources/Fishes/RadMap/BroadheadChub_CodexEntry.uasset: Package has unversioned properties but mapping file is missing, can't serialize
[ERR] Error while processing Bellwright/Content/Mist/Data/Crafting/AnimalHusbandry/ResourceGeneration/EggGeneration.uasset: Package has unversioned properties but mapping file is missing, can't serialize
[ERR] Error while processing Bellwright/Content/Mist/Data/ConstructionSite/Elements/Tier2/T2_GateBeamLog.uasset: Package has unversioned properties but mapping file is missing, can't serialize
[ERR] Error while processing Bellwright/Content/Mist/Data/Items/KnowledgeBooks/Crafting/CraftingKnowledgeStatusEffect_3.uasset: Package has unversioned properties but mapping file is missing, can't serialize
[ERR] Error while processing Bellwright/Content/Mist/Data/Npcs/Templates/NpcManagerProfiles/RaidMap/POIs/ConquestPois/Neutral/NeutralConquestVillageOutpost_NpcManagerProfile.uasset: Package has unversioned properties but mapping file is missing, can't serialize
[ERR] Error while processing Bellwright/Content/Mist/Data/Crafting/AnimalHusbandry/ResourceGeneration/FeathersGeneration.uasset: Package has unversioned properties but mapping file is missing, can't serialize
[ERR] Error while processing Bellwright/Content/Mist/Data/Npcs/Templates/NpcManagerProfiles/RaidMap/POIs/ConquestPois/Neutral/NeutralConquestTradePortPoi_NpcManagerProfile.uasset: Package has unversioned properties but mapping file is missing, can't serialize
[ERR] Error while processing Bellwright/Content/Mist/Data/Quests/SideQuests/Padstow/SpecialDelivery/SpecialDeliveryQuest_TalkToElderAfter.uasset: Package has unversioned properties but mapping file is missing, can't serialize
[ERR] Error while processing Bellwright/Content/Mist/Data/Crafting/AnimalHusbandry/ResourceGeneration/MilkGeneration.uasset: Package has unversioned properties but mapping file is missing, can't serialize
[ERR] Error while processing Bellwright/Content/Mist/Data/Npcs/Templates/NpcManagerProfiles/RaidMap/POIs/ConquestPois/Neutral/NeutralConquestCragkeepBayPoi_NpcManagerProfile.uasset: Package has unversioned properties but mapping file is missing, can't serialize
[ERR] Error while processing Bellwright/Content/Mist/Data/Crafting/AnimalHusbandry/ResourceGeneration/ManureGeneration.uasset: Package has unversioned properties but mapping file is missing, can't serialize
[ERR] Error while processing Bellwright/Content/Mist/Data/Characters/Animals/Curves/FertilityCurve.uasset: Package has unversioned properties but mapping file is missing, can't serialize
[ERR] Error while processing Bellwright/Content/Mist/Data/Items/UniqueQuestItems/PickpocketLetter.uasset: Package has unversioned properties but mapping file is missing, can't serialize
[ERR] Error while processing Bellwright/Content/Mist/Data/Crafting/AnimalHusbandry/ResourceGeneration/WoolGeneration.uasset: Package has unversioned properties but mapping file is missing, can't serialize
[ERR] Error while processing Bellwright/Content/Mist/Data/Items/KnowledgeBooks/Crafting/CraftingKnowledgeStatusEffect_5.uasset: Package has unversioned properties but mapping file is missing, can't serialize
[ERR] Error while processing Bellwright/Content/Mist/Data/Characters/Animals/Curves/YieldCurve.uasset: Package has unversioned properties but mapping file is missing, can't serialize
[ERR] Error while processing Bellwright/Content/Mist/Data/Npcs/Templates/NpcManagerProfiles/RaidMap/POIs/ConquestPois/Neutral/NeutralConquestHarthbayVillagePoi_NpcManagerProfile.uasset: Package has unversioned properties but mapping file is missing, can't serialize
[ERR] Error while processing Bellwright/Content/Mist/Data/ConstructionSite/Elements/Tier2/HardwoodLogVerticalLong.uasset: Package has unversioned properties but mapping file is missing, can't serialize
[ERR] Error while processing Bellwright/Content/Mist/Data/Codex/World/Resources/Fishes/RadMap/BottomDweller_CodexEntry.uasset: Package has unversioned properties but mapping file is missing, can't serialize
[ERR] Error while processing Bellwright/Content/Mist/Data/Characters/Animals/Curves/MetabolismCurve.uasset: Package has unversioned properties but mapping file is missing, can't serialize
[ERR] Error while processing Bellwright/Content/Mist/Data/Items/UniqueQuestItems/OverseerBook.uasset: Package has unversioned properties but mapping file is missing, can't serialize
[ERR] Error while processing Bellwright/Content/Mist/Data/Items/KnowledgeBooks/Crafting/Crafting_KnowledgeBook_4.uasset: Package has unversioned properties but mapping file is missing, can't serialize
[ERR] Error while processing Bellwright/Content/Mist/Data/Crafting/AnimalHusbandry/Breeding/CowBreeding.uasset: Package has unversioned properties but mapping file is missing, can't serialize
[ERR] Error while processing Bellwright/Content/Mist/Data/ConstructionSite/Elements/Tier2/HardwoodPlankAngledThin.uasset: Package has unversioned properties but mapping file is missing, can't serialize
[ERR] Error while processing Bellwright/Content/Mist/Data/Codex/Lore/History/Chapter1HaerndeanCodexEntry.uasset: Package has unversioned properties but mapping file is missing, can't serialize
[ERR] Error while processing Bellwright/Content/Mist/Data/Quests/RaidMap/OnTheKnifesEdge/OntheKnifesEdgeQuestTalkToBard.uasset: Package has unversioned properties but mapping file is missing, can't serialize
[ERR] Error while processing Bellwright/Content/Mist/Data/Crafting/Catalysts/FarmTillCatalyst.uasset: Package has unversioned properties but mapping file is missing, can't serialize
[ERR] Error while processing Bellwright/Content/Mist/Data/Codex/World/Resources/Fishes/RadMap/Milefang_CodexEntry.uasset: Package has unversioned properties but mapping file is missing, can't serialize
[ERR] Error while processing Bellwright/Content/Mist/Data/Items/UniqueQuestItems/SecretMessage_Letter_Frauded.uasset: Package has unversioned properties but mapping file is missing, can't serialize
[ERR] Error while processing Bellwright/Content/Mist/Data/Characters/Animals/Curves/VitalityCurve.uasset: Package has unversioned properties but mapping file is missing, can't serialize
[ERR] Error while processing Bellwright/Content/Mist/Data/Items/KnowledgeBooks/Crafting/Crafting_KnowledgeBook_3.uasset: Package has unversioned properties but mapping file is missing, can't serialize
[ERR] Error while processing Bellwright/Content/Mist/Data/ConstructionSite/Elements/Tier2/HardwoodRoofCube.uasset: Package has unversioned properties but mapping file is missing, can't serialize
[ERR] Error while processing Bellwright/Content/Mist/Data/Quests/RaidMap/OnTheKnifesEdge/OntheKnifesEdgeQuest.uasset: Package has unversioned properties but mapping file is missing, can't serialize
[ERR] Error while processing Bellwright/Content/Mist/Data/TechTree/TechTreeEditor.uasset: Package has unversioned properties but mapping file is missing, can't serialize
[ERR] Error while processing Bellwright/Content/Mist/Data/Crafting/Catalysts/FarmWaterCatalyst.uasset: Package has unversioned properties but mapping file is missing, can't serialize
[ERR] Error while processing Bellwright/Content/Mist/Data/Codex/Lore/History/Chapter3FarnworthCodexEntry.uasset: Package has unversioned properties but mapping file is missing, can't serialize
[ERR] Error while processing Bellwright/Content/Mist/Data/Items/UniqueQuestItems/PotionFromHerbalist.uasset: Package has unversioned properties but mapping file is missing, can't serialize
[ERR] Error while processing Bellwright/Content/Mist/Data/Crafting/AnimalHusbandry/Breeding/SheepBreeding.uasset: Package has unversioned properties but mapping file is missing, can't serialize
[ERR] Error while processing Bellwright/Content/Mist/Data/Characters/Animals/Curves/ResilienceCurve.uasset: Package has unversioned properties but mapping file is missing, can't serializentent/Mist/Data/Items/KnowledgeBooks/Crafting/CraftingKnowledgeStatusEffect_4.uasset: Package has unversioned properties but mapping file is missing, can't serialize
et: Package has unversioned properties but
[ERR] Error while processing Bellwright/Content/Mist/Data/TechTree/Decorations/DaruShrine.uasset: Package has unversioned properties but mapping file is missing, can't serialize
[ERR] Error while processing Bellwright/Content/Mist/Data/ConstructionSite/Elements/Tier2/MossSticks.uasset: Package has unversioned properties but mapping file is missing, can't serialize
[ERR] Error while processing Bellwright/Content/Mist/Data/Quests/RaidMap/TheMusesHelp/TheMusesHelpQuest_ReturnToBard.uasset: Package has unversioned properties but mapping file is missing, can't serialize
[ERR] Error while processing Bellwright/Content/Mist/Data/Codex/Lore/History/UnificationofKarveniaCodexEntry.uasset: Package has unversioned properties but mapping file is missing, can't serialize
[ERR] Error while processing Bellwright/Content/Mist/Data/Characters/Animals/Curves/ProductionCurve.uasset: Package has unversioned properties but mapping file is missing, can't serialize
[ERR] Error while processing Bellwright/Content/Mist/Data/Placeables/Containers/Chests/TestDecorationsChest1.uasset: Package has unversioned properties but mapping file is missing, can't serialize
[ERR] Error while processing Bellwright/Content/Mist/Data/Items/KnowledgeBooks/Crafting/CraftingKnowledgeStatusEffect_2.uasset: Package has unversioned properties but mapping file is missing, can't serialize
[ERR] Error while processing Bellwright/Content/Mist/Data/Items/UniqueQuestItems/LostSword.uasset: Package has unversioned properties but mapping file is missing, can't serialize
[ERR] Error while processing Bellwright/Content/Mist/Data/TechTree/Decorations/ErdanaShrine.uasset: Package has unversioned properties but mapping file is missing, can't serialize
[ERR] Error while processing Bellwright/Content/Mist/Data/Placeables/Containers/Chests/TestResourceChest2.uasset: Package has unversioned properties but mapping file is missing, can't serialize
[ERR] Error while processing Bellwright/Content/Mist/Data/Items/KnowledgeBooks/Crafting/CraftingKnowledgeStatusEffect_1.uasset: Package has unversioned properties but mapping file is missing, can't serialize
[ERR] Error while processing Bellwright/Content/Mist/Data/Crafting/Catalysts/SunCatalyst.uasset: Package has unversioned properties but mapping file is missing, can't serialize
[ERR] Error while processing Bellwright/Content/Mist/Data/Codex/Lore/History/RebellionCodexEntry.uasset: Package has unversioned properties but mapping file is missing, can't serialize
[ERR] Error while processing Bellwright/Content/Mist/Data/ConstructionSite/Elements/Tier2/GatePartA3.uasset: Package has unversioned properties but mapping file is missing, can't serialize
[ERR] Error while processing Bellwright/Content/Mist/Data/Items/UniqueQuestItems/SolsticeSecretBooze.uasset: Package has unversioned properties but mapping file is missing, can't serialize
[ERR] Error while processing Bellwright/Content/Mist/Data/TechTree/Decorations/DevannosShrine.uasset: Package has unversioned properties but mapping file is missing, can't serialize
[ERR] Error while processing Bellwright/Content/Mist/Data/Items/KnowledgeBooks/Crafting/Crafting_KnowledgeBook_5.uasset: Package has unversioned properties but mapping file is missing, can't serialize
[ERR] Error while processing Bellwright/Content/Mist/Data/Codex/Lore/History/Chapter2PadstowCodexEntry.uasset: Package has unversioned properties but mapping file is missing, can't serialize
[ERR] Error while processing Bellwright/Content/Mist/Data/Placeables/Containers/Chests/TestResourceChest1.uasset: Package has unversioned properties but mapping file is missing, can't serialize
[ERR] Error while processing Bellwright/Content/Mist/Data/ConstructionSite/Elements/Tier2/TinyWoodKnob.uasset: Package has unversioned properties but mapping file is missing, can't serializeprocessing Bellwright/Content/Mist/Data/Quests/RaidMap/TheMusesHelp/TheMusesHelpQuest.uasset: Package has unversioned properties but mapping file is missing, can't serialize
sioned properties 
[ERR] Error while processing Bellwright/Content/Mist/Data/Codex/Lore/History/Chapter7CrasmereCodexEntry.uasset: Package has unversioned properties but mapping file is missing, can't serialize
[ERR] Error while processing Bellwright/Content/Mist/Data/Placeables/Containers/Chests/TestWeaponChest1.uasset: Package has unversioned properties but mapping file is missing, can't serialize
[ERR] Error while processing Bellwright/Content/Mist/Data/Quests/RaidMap/TheMusesHelp/TheMusesHelpQuest_TalkToLydiaBakal.uasset: Package has unversioned properties but mapping file is missing, can't serialize
[ERR] Error while processing Bellwright/Content/Mist/Data/TechTree/Decorations/VeylnorShrine.uasset: Package has unversioned properties but mapping file is missing, can't serialize
[ERR] Error while processing Bellwright/Content/Mist/Data/Characters/Animals/Templates/DogTemplate.uasset: Package has unversioned properties but mapping file is missing, can't serialize
[ERR] Error while processing Bellwright/Content/Mist/Data/Placeables/Containers/Chests/TestArmorChest1.uasset: Package has unversioned properties but mapping file is missing, can't serialize
[ERR] Error while processing Bellwright/Content/Mist/Data/ConstructionSite/Elements/Tier2/IronParts.uasset: Package has unversioned properties but mapping file is missing, can't serialize
[ERR] Error while processing Bellwright/Content/Mist/Data/Codex/Lore/History/Chapter5BradfordCodexEntry.uasset: Package has unversioned properties but mapping file is missing, can't serialize
[ERR] Error while processing Bellwright/Content/Mist/Data/Quests/RaidMap/TheMusesHelp/TheMusesHelpQuest_ReturnToBardAfterWait.uasset: Package has unversioned properties but mapping file is missing, can't serialize
[ERR] Error while processing Bellwright/Content/Mist/Data/TechTree/Decorations/YdrassaShrine.uasset: Package has unversioned properties but mapping file is missing, can't serialize
[ERR] Error while processing Bellwright/Content/Mist/Data/ConstructionSite/Elements/Tier2/SailWood.uasset: Package has unversioned properties but mapping file is missing, can't serialize
[ERR] Error while processing Bellwright/Content/Mist/Data/Placeables/RaidMap/KitchenTent.uasset: Package has unversioned properties but mapping file is missing, can't serialize
[ERR] Error while processing Bellwright/Content/Mist/Data/Crafting/AnimalHusbandry/Breeding/PigBreeding.uasset: Package has unversioned properties but mapping file is missing, can't serialize
[ERR] Error while processing Bellwright/Content/Mist/Data/Codex/Lore/History/Chapter6HorndeanCodexEntry.uasset: Package has unversioned properties but mapping file is missing, can't serialize
[ERR] Error while processing Bellwright/Content/Mist/Data/TechTree/Decorations/MorvathisShrine.uasset: Package has unversioned properties but mapping file is missing, can't serialize
[ERR] Error while processing Bellwright/Content/Mist/Data/Quests/RaidMap/TheMusesHelp/TheMusesHelpQuest_TalkToAidaModic.uasset: Package has unversioned properties but mapping file is missing, can't serialize
[ERR] Error while processing Bellwright/Content/Mist/Data/Items/KnowledgeBooks/Crafting/Crafting_KnowledgeBook_1.uasset: Package has unversioned properties but mapping file is missing, can't serialize
[ERR] Error while processing Bellwright/Content/Mist/Data/Placeables/RaidMap/AdvancedWorkbench.uasset: Package has unversioned properties but mapping file is missing, can't serialize
[ERR] Error while processing Bellwright/Content/Mist/Data/Codex/Lore/History/Chapter4BlackridgepoolCodexEntry.uasset: Package has unversioned properties but mapping file is missing, can't serialize
[ERR] Error while processing Bellwright/Content/Mist/Data/Crafting/AnimalHusbandry/Breeding/GooseBreeding.uasset: Package has unversioned properties but mapping file is missing, can't serialize
[ERR] Error while processing Bellwright/Content/Mist/Data/TechTree/Decorations/KranekShrine.uasset: Package has unversioned properties but mapping file is missing, can't serializee is missing, can't serialize
 missing, can't serialize
[ERR] Error while processing Bellwright/Content/Mist/Data/Items/KnowledgeBooks/Crafting/Crafting_KnowledgeBook_1.uasset: Package has unversioned propert
[ERR] Error while processing Bellwright/Content/Mist/Data/Codex/Lore/History/RebellionLeadersCodexEntry.uasset: Package has unversioned properties but mapping file is missing, can't serialize
[ERR] Error while processing Bellwright/Content/Mist/Data/Placeables/RaidMap/PlayerTent.uasset: Package has unversioned properties but mapping file is missing, can't serialize
[ERR] Error while processing Bellwright/Content/Mist/Data/ConstructionSite/Elements/Tier2/GranitePart.uasset: Package has unversioned properties but mapping file is missing, can't serialize
[ERR] Error while processing Bellwright/Content/Mist/Data/Items/KnowledgeBooks/TwoHnaded/TwoHandedKnowledgeStatusEffect_5.uasset: Package has unversioned properties but mapping file is missing, can't serialize
[ERR] Error while processing Bellwright/Content/Mist/Data/Items/UniqueQuestItems/BooksforMerchant.uasset: Package has unversioned properties but mapping file is missing, can't serialize
[ERR] Error while processing Bellwright/Content/Mist/Data/TechTree/Intermediary/Rope.uasset: Package has unversioned properties but mapping file is missing, can't serialize
[ERR] Error while processing Bellwright/Content/Mist/Data/Crafting/AnimalHusbandry/Breeding/ChickenBreeding.uasset: Package has unversioned properties but mapping file is missing, can't serialize
[ERR] Error while processing Bellwright/Content/Mist/Data/Codex/Lore/Notes/LetterFromRoyalBastards_CodexEntry.uasset: Package has unversioned properties but mapping file is missing, can't serialize
[ERR] Error while processing Bellwright/Content/Mist/Data/Placeables/RaidMap/ArmoryTent.uasset: Package has unversioned properties but mapping file is missing, can't serialize
[ERR] Error while processing Bellwright/Content/Mist/Data/Characters/Animals/Templates/GoatTemplate.uasset: Package has unversioned properties but mapping file is missing, can't serialize
[ERR] Error while processing Bellwright/Content/Mist/Data/Items/KnowledgeBooks/TwoHnaded/TwoHanded_KnowledgeBook_4.uasset: Package has unversioned properties but mapping file is missing, can't serialize
[ERR] Error while processing Bellwright/Content/Mist/Data/Codex/Lore/Notes/CultNote_CodexEntry.uasset: Package has unversioned properties but mapping file is missing, can't serialize
[ERR] Error while processing Bellwright/Content/Mist/Data/TechTree/Intermediary/BronzeIngot.uasset: Package has unversioned properties but mapping file is missing, can't serialize
[ERR] Error while processing Bellwright/Content/Mist/Data/Quests/SideQuests/Padstow/SpecialDelivery/SpecialDeliveryQuest_TalkToBrigand.uasset: Package has unversioned properties but mapping file is missing, can't serialize
[ERR] Error while processing Bellwright/Content/Mist/Data/Items/KnowledgeBooks/TwoHnaded/TwoHanded_KnowledgeBook_2.uasset: Package has unversioned properties but mapping file is missing, can't serialize
[ERR] Error while processing Bellwright/Content/Mist/Data/Placeables/RaidMap/TentWarehouse.uasset: Package has unversioned properties but mapping file is missing, can't serialize
[ERR] Error while processing Bellwright/Content/Mist/Data/Items/UniqueQuestItems/Trustwothy_Treasure.uasset: Package has unversioned properties but mapping file is missing, can't serialize
[ERR] Error while processing Bellwright/Content/Mist/Data/Crafting/Catalysts/CauldronStirringCatalyst.uasset: Package has unversioned properties but mapping file is missing, can't serialize
[ERR] Error while processing Bellwright/Content/Mist/Data/Crafting/AnimalHusbandry/Feeding/CalfFeeding.uasset: Package has unversioned properties but mapping file is missing, can't serialize
[ERR] Error while processing Bellwright/Content/Mist/Data/Codex/Lore/Notes/WarningLetter_CodexEntry.uasset: Package has unversioned properties but mapping file is missing, can't serialize
[ERR] Error while processing Bellwright/Content/Mist/Data/ConstructionSite/Elements/Tier2/PeatWall.uasset: Package has unversioned properties but mapping file is missing, can't serialize
[ERR] Error while processing Bellwright/Content/Mist/Data/TechTree/Intermediary/Flour.uasset: Package has unversioned properties but mapping file is missing, can't serialize
[ERR] Error while processing Bellwright/Content/Mist/Data/Characters/Animals/Templates/QuestAnimals/PeckletonQuestAnimalTemplate.uasset: Package has unversioned properties but mapping file is missing, can't serialize
[ERR] Error while processing Bellwright/Content/Mist/Data/Quests/SideQuests/FishingTournament/FishingTournamentQuest.uasset: Package has unversioned properties but mapping file is missing, can't serialize
[ERR] Error while processing Bellwright/Content/Mist/Data/Items/UniqueQuestItems/ElderMedicine.uasset: Package has unversioned properties but mapping file is missing, can't serialize
[ERR] Error while processing Bellwright/Content/Mist/Data/Crafting/AnimalHusbandry/Feeding/PigletFeeding.uasset: Package has unversioned properties but mapping file is missing, can't serialize
[ERR] Error while processing Bellwright/Content/Mist/Data/Items/KnowledgeBooks/TwoHnaded/TwoHandedKnowledgeStatusEffect_3.uasset: Package has unversioned properties but mapping file is missing, can't serialize
[ERR] Error while processing Bellwright/Content/Mist/Data/Placeables/RaidMap/CompanionTent.uasset: Package has unversioned properties but mapping file is missing, can't serialize
[ERR] Error while processing Bellwright/Content/Mist/Data/TechTree/Intermediary/SimpleCord.uasset: Package has unversioned properties but mapping file is missing, can't serialize
[ERR] Error while processing Bellwright/Content/Mist/Data/Codex/Lore/Notes/DainsRing_CodexEntry.uasset: Package has unversioned properties but mapping file is missing, can't serialize
[ERR] Error while processing Bellwright/Content/Mist/Data/Npcs/NpcLevelExpCurve.uasset: Package has unversioned properties but mapping file is missing, can't serialize
[ERR] Error while processing Bellwright/Content/Mist/Data/ConstructionSite/Elements/Tier2/FakeNailsCube.uasset: Package has unversioned properties but mapping file is missing, can't serialize
[ERR] Error while processing Bellwright/Content/Mist/Data/Crafting/AnimalHusbandry/Feeding/LambFeeding.uasset: Package has unversioned properties but mapping file is missing, can't serialize
[ERR] Error while processing Bellwright/Content/Mist/Data/Placeables/Decorations/SturdyLittleBench.uasset: Package has unversioned properties but mapping file is missing, can't serialize
[ERR] Error while processing Bellwright/Content/Mist/Data/Items/UniqueQuestItems/CultBook.uasset: Package has unversioned properties but mapping file is missing, can't serialize
[ERR] Error while processing Bellwright/Content/Mist/Data/Codex/Lore/Notes/TheMissingVillagersCodexEntry.uasset: Package has unversioned properties but mapping file is missing, can't serialize
[ERR] Error while processing Bellwright/Content/Mist/Data/TechTree/Intermediary/Linen.uasset: Package has unversioned properties but mapping file is missing, can't serialize
[ERR] Error while processing Bellwright/Content/Mist/Data/Items/KnowledgeBooks/TwoHnaded/TwoHanded_KnowledgeBook_1.uasset: Package has unversioned properties but mapping file is missing, can't serialize
[ERR] Error while processing Bellwright/Content/Mist/Data/Codex/Lore/Notes/FarmerNote_CodexEntry.uasset: Package has unversioned properties but mapping file is missing, can't serialize
[ERR] Error while processing Bellwright/Content/Mist/Data/Placeables/Decorations/DrinkStand.uasset: Package has unversioned properties but mapping file is missing, can't serialize
[ERR] Error while processing Bellwright/Content/Mist/Data/Crafting/AnimalHusbandry/Feeding/ChickenFeeding.uasset: Package has unversioned properties but mapping file is missing, can't serialize
[ERR] Error while processing Bellwright/Content/Mist/Data/Codex/Lore/Notes/KillerNote1_CodexEntry.uasset: Package has unversioned properties but mapping file is missing, can't serialize
[ERR] Error while processing Bellwright/Content/Mist/Data/Crafting/AnimalHusbandry/Feeding/AdultChickenFeeding.uasset: Package has unversioned properties but mapping file is missing, can't serialize
[ERR] Error while processing Bellwright/Content/Mist/Data/Npcs/HuntingSkinTimeMultiplier.uasset: Package has unversioned properties but mapping file is missing, can't serialize
[ERR] Error while processing Bellwright/Content/Mist/Data/Codex/Lore/Notes/MQBanditCampCodexEntry.uasset: Package has unversioned properties but mapping file is missing, can't serialize
[ERR] Error while processing Bellwright/Content/Mist/Data/Crafting/AnimalHusbandry/Feeding/GooseFeeding.uasset: Package has unversioned properties but mapping file is missing, can't serialize
[ERR] Error while processing Bellwright/Content/Mist/Data/Items/KnowledgeBooks/TwoHnaded/TwoHandedKnowledgeStatusEffect_4.uasset: Package has unversioned properties but mapping file is missing, can't serialize
[ERR] Error while processing Bellwright/Content/Mist/Data/Npcs/CraftingSkillTimeMultiplier.uasset: Package has unversioned properties but mapping file is missing, can't serialize
[ERR] Error while processing Bellwright/Content/Mist/Data/ConstructionSite/Elements/Tier2/DecorativeBuildingsInsideSplinter.uasset: Package has unversioned properties but mapping file is missing, can't serialize
[ERR] Error while processing Bellwright/Content/Mist/Data/Codex/Lore/Notes/BP_Wolf_Cave_Note_CodexEntry.uasset: Package has unversioned properties but mapping file is missing, can't serialize
[ERR] Error while processing Bellwright/Content/Mist/Data/Placeables/Decorations/LargeLogStack.uasset: Package has unversioned properties but mapping file is missing, can't serialize
[ERR] Error while processing Bellwright/Content/Mist/Data/Quests/MainQuest/DifferentOutcome/MainQuestDifferentOutcome_TalkToVasil.uasset: Package has unversioned properties but mapping file is missing, can't serialize
[ERR] Error while processing Bellwright/Content/Mist/Data/Crafting/AnimalHusbandry/Feeding/SheepFeeding.uasset: Package has unversioned properties but mapping file is missing, can't serialize
[ERR] Error while processing Bellwright/Content/Mist/Data/TechTree/Intermediary/CottonBolt.uasset: Package has unversioned properties but mapping file is missing, can't serialize
[ERR] Error while processing Bellwright/Content/Mist/Data/ConstructionSite/Elements/Tier2/MossPlank.uasset: Package has unversioned properties but mapping file is missing, can't serialize
[ERR] Error while processing Bellwright/Content/Mist/Data/Items/KnowledgeBooks/TwoHnaded/TwoHandedKnowledgeStatusEffect_1.uasset: Package has unversioned properties but mapping file is missing, can't serialize
[ERR] Error while processing Bellwright/Content/Mist/Data/Items/UniqueQuestItems/FairDeal/FairDeal_SpecialBeer.uasset: Package has unversioned properties but mapping file is missing, can't serialize
[ERR] Error while processing Bellwright/Content/Mist/Data/Npcs/ItemGenerationSkillTimeMultiplier.uasset: Package has unversioned properties but mapping file is missing, can't serialize
[ERR] Error while processing Bellwright/Content/Mist/Data/Quests/MainQuest/DifferentOutcome/MainQuestDifferentOutcome_TalkToAmelieBeforeBlackridgepool.uasset: Package has unversioned properties but mapping file is missing, can't serialize
[ERR] Error while processing Bellwright/Content/Mist/Data/Placeables/Decorations/WoodenArchLantern.uasset: Package has unversioned properties but mapping file is missing, can't serialize
[ERR] Error while processing Bellwright/Content/Mist/Data/Quests/SideQuests/FishingTournament/FishingTournamentFinal/FishingTournamentFinalQuest_TalkTONPC.uasset: Package has unversioned properties but mapping file is missing, can't serialize
[ERR] Error while processing Bellwright/Content/Mist/Data/TechTree/Intermediary/Nails.uasset: Package has unversioned properties but mapping file is missing, can't serialize
[ERR] Error while processing Bellwright/Content/Mist/Data/Codex/Lore/Notes/PackingLight_CodexEntry.uasset: Package has unversioned properties but mapping file is missing, can't serialize
[ERR] Error while processing Bellwright/Content/Mist/Data/Crafting/AnimalHusbandry/Feeding/CowFeeding.uasset: Package has unversioned properties but mapping file is missing, can't serialize
[ERR] Error while processing Bellwright/Content/Mist/Data/Items/UniqueQuestItems/FairDeal/FairDealQuest_Key.uasset: Package has unversioned properties but mapping file is missing, can't serialize
[ERR] Error while processing Bellwright/Content/Mist/Data/Npcs/HarvestingSkillTimeMultiplier.uasset: Package has unversioned properties but mapping file is missing, can't serialize
[ERR] Error while processing Bellwright/Content/Mist/Data/Items/KnowledgeBooks/TwoHnaded/TwoHanded_KnowledgeBook_5.uasset: Package has unversioned properties but mapping file is missing, can't serialize
[ERR] Error while processing Bellwright/Content/Mist/Data/Placeables/Decorations/LaundryHanger.uasset: Package has unversioned properties but mapping file is missing, can't serialize
[ERR] Error while processing Bellwright/Content/Mist/Data/TechTree/Intermediary/CuredRope.uasset: Package has unversioned properties but mapping file is missing, can't serialize
[ERR] Error while processing Bellwright/Content/Mist/Data/ConstructionSite/Elements/Tier2/HardwoodLogHorizontalFlatLong.uasset: Package has unversioned properties but mapping file is missing, can't serialize
[ERR] Error while processing Bellwright/Content/Mist/Data/Items/UniqueQuestItems/FairDeal/FairDeal_Package.uasset: Package has unversioned properties but mapping file is missing, can't serialize
[ERR] Error while processing Bellwright/Content/Mist/Data/Crafting/AnimalHusbandry/Feeding/AdultGooseFeeding.uasset: Package has unversioned properties but mapping file is missing, can't serialize
[ERR] Error while processing Bellwright/Content/Mist/Data/Npcs/RabbitTrapCurve.uasset: Package has unversioned properties but mapping file is missing, can't serialize
[ERR] Error while processing Bellwright/Content/Mist/Data/Quests/MainQuest/DifferentOutcome/MainQuestDifferentOutcome_TalkToPaulHerry.uasset: Package has unversioned properties but mapping file is missing, can't serialize
[ERR] Error while processing Bellwright/Content/Mist/Data/Placeables/Decorations/SimpleLaundryHanger.uasset: Package has unversioned properties but mapping file is missing, can't serialize
[ERR] Error while processing Bellwright/Content/Mist/Data/Items/KnowledgeBooks/TwoHnaded/TwoHanded_KnowledgeBook_3.uasset: Package has unversioned properties but mapping file is missing, can't serialize
[ERR] Error while processing Bellwright/Content/Mist/Data/TechTree/Intermediary/Spices.uasset: Package has unversioned properties but mapping file is missing, can't serialize
[ERR] Error while processing Bellwright/Content/Mist/Data/TechTree/Intermediary/SteelIngot.uasset: Package has unversioned properties but mapping file is missing, can't serialize
[ERR] Error while processing Bellwright/Content/Mist/Data/Items/UniqueQuestItems/FairDeal/FairDeal_Trinket.uasset: Package has unversioned properties but mapping file is missing, can't serialize
[ERR] Error while processing Bellwright/Content/Mist/Data/Crafting/AnimalHusbandry/Feeding/PigFeeding.uasset: Package has unversioned properties but mapping file is missing, can't serialize
[ERR] Error while processing Bellwright/Content/Mist/Data/ConstructionSite/Elements/Tier2/HardwoodPlankSmallHorizontal.uasset: Package has unversioned properties but mapping file is missing, can't serialize
[ERR] Error while processing Bellwright/Content/Mist/Data/Quests/MainQuest/DifferentOutcome/MainQuestDifferentOutcome_TalkToHelga.uasset: Package has unversioned properties but mapping file is missing, can't serialize
[ERR] Error while processing Bellwright/Content/Mist/Data/Items/KnowledgeBooks/Cooking/Cooking_KnowledgeBook_2.uasset: Package has unversioned properties but mapping file is missing, can't serialize
[ERR] Error while processing Bellwright/Content/Mist/Data/Codex/Lore/Notes/WolvesDenNoteCodexEntry.uasset: Package has unversioned properties but mapping file is missing, can't serialize
[ERR] Error while processing Bellwright/Content/Mist/Data/TechTree/Intermediary/RawHide.uasset: Package has unversioned properties but mapping file is missing, can't serialize
[ERR] Error while processing Bellwright/Content/Mist/Data/Placeables/Decorations/SmallFirewoodPile.uasset: Package has unversioned properties but mapping file is missing, can't serialize
[ERR] Error while processing Bellwright/Content/Mist/Data/ConstructionSite/Elements/Tier2/Canvas.uasset: Package has unversioned properties but mapping file is missing, can't serialize
[ERR] Error while processing Bellwright/Content/Mist/Data/Items/KnowledgeBooks/Cooking/Cooking_KnowledgeBook_1.uasset: Package has unversioned properties but mapping file is missing, can't serialize
[ERR] Error while processing Bellwright/Content/Mist/Data/Crafting/AnimalHusbandry/Stress/PigStress.uasset: Package has unversioned properties but mapping file is missing, can't serialize
[ERR] Error while processing Bellwright/Content/Mist/Data/Items/UniqueQuestItems/WindmillQuest/Farnworth_Grain.uasset: Package has unversioned properties but mapping file is missing, can't serialize
[ERR] Error while processing Bellwright/Content/Mist/Data/Quests/MainQuest/DifferentOutcome/MainQuestDifferentOutcome_TalkToThianaReesling.uasset: Package has unversioned properties but mapping file is missing, can't serialize
[ERR] Error while processing Bellwright/Content/Mist/Data/ConstructionSite/Elements/Tier2/HardwoodPlankSmall.uasset: Package has unversioned properties but mapping file is missing, can't serialize
[ERR] Error while processing Bellwright/Content/Mist/Data/Quests/MainQuest/DifferentOutcome/MainQuestDifferentOutcome_TalkToAmelieEnd.uasset: Package has unversioned properties but mapping file is missing, can't serialize
[ERR] Error while processing Bellwright/Content/Mist/Data/Items/UniqueQuestItems/WindmillQuest/Milled_Grain.uasset: Package has unversioned properties but mapping file is missing, can't serialize
[ERR] Error while processing Bellwright/Content/Mist/Data/Placeables/Decorations/SmallBasket.uasset: Package has unversioned properties but mapping file is missing, can't serialize
[ERR] Error while processing Bellwright/Content/Mist/Data/Crafting/AnimalHusbandry/Stress/ChickenStress.uasset: Package has unversioned properties but mapping file is missing, can't serialize
[ERR] Error while processing Bellwright/Content/Mist/Data/Quests/RaidMap/TheMusesHelp/TheMusesHelpQuest_Wait.uasset: Package has unversioned properties but mapping file is missing, can't serialize
[ERR] Error while processing Bellwright/Content/Mist/Data/Items/KnowledgeBooks/Cooking/Cooking_KnowledgeBook_5.uasset: Package has unversioned properties but mapping file is missing, can't serialize
[ERR] Error while processing Bellwright/Content/Mist/Data/Quests/MainQuest/DifferentOutcome/MainQuestDifferentOutcome_TalkToMarlinFulke.uasset: Package has unversioned properties but mapping file is missing, can't serialize
[ERR] Error while processing Bellwright/Content/Mist/Data/Items/UniqueQuestItems/WindmillQuest/Padstow_Grain.uasset: Package has unversioned properties but mapping file is missing, can't serialize
[ERR] Error while processing Bellwright/Content/Mist/Data/Crafting/AnimalHusbandry/Stress/CowStress.uasset: Package has unversioned properties but mapping file is missing, can't serialize
[ERR] Error while processing Bellwright/Content/Mist/Data/Items/KnowledgeBooks/Cooking/CookingKnowledgeStatusEffect_4.uasset: Package has unversioned properties but mapping file is missing, can't serialize
[ERR] Error while processing Bellwright/Content/Mist/Data/ConstructionSite/Elements/Tier2/RoofStilts.uasset: Package has unversioned properties but mapping file is missing, can't serialize
[ERR] Error while processing Bellwright/Content/Mist/Data/Items/Loot/HiddenLoot/WoodenCrate_LootTemplate.uasset: Package has unversioned properties but mapping file is missing, can't serialize
[ERR] Error while processing Bellwright/Content/Mist/Data/Quests/RaidMap/WithoutATrace/WithoutATraceQuest_ReturnToRavio.uasset: Package has unversioned properties but mapping file is missing, can't serialize
[ERR] Error while processing Bellwright/Content/Mist/Data/TechTree/Intermediary/FishingBait.uasset: Package has unversioned properties but mapping file is missing, can't serialize
[ERR] Error while processing Bellwright/Content/Mist/Data/Quests/SideQuests/FishingTournament/MasteroftheOcean/MasteroftheOceanQuest_BringFish.uasset: Package has unversioned properties but mapping file is missing, can't serialize
[ERR] Error while processing Bellwright/Content/Mist/Data/Quests/MainQuest/BloodyPrisoner/MainQuestBloodyPrisoner_TalkTo3Prisoner.uasset: Package has unversioned properties but mapping file is missing, can't serialize
[ERR] Error while processing Bellwright/Content/Mist/Data/Items/KnowledgeBooks/Cooking/CookingKnowledgeStatusEffect_2.uasset: Package has unversioned properties but mapping file is missing, can't serialize
[ERR] Error while processing Bellwright/Content/Mist/Data/Placeables/Decorations/ErdanaShrine.uasset: Package has unversioned properties but mapping file is missing, can't serialize
[ERR] Error while processing Bellwright/Content/Mist/Data/Items/Loot/HiddenLoot/SturdyChest_LootTemplate.uasset: Package has unversioned properties but mapping file is missing, can't serialize
[ERR] Error while processing Bellwright/Content/Mist/Data/ConstructionSite/Elements/Tier2/WoodenLegs.uasset: Package has unversioned properties but mapping file is missing, can't serialize
[ERR] Error while processing Bellwright/Content/Mist/Data/Quests/RaidMap/WithoutATrace/WithoutATraceQuest_FindCaravan.uasset: Package has unversioned properties but mapping file is missing, can't serialize
[ERR] Error while processing Bellwright/Content/Mist/Data/Codex/Lore/Notes/FeudingMerchants_CodexEntry.uasset: Package has unversioned properties but mapping file is missing, can't serialize
[ERR] Error while processing Bellwright/Content/Mist/Data/Quests/MainQuest/BloodyPrisoner/MainQuestBloodyPrisoner_TalkTo1Prisoner.uasset: Package has unversioned properties but mapping file is missing, can't serialize
[ERR] Error while processing Bellwright/Content/Mist/Data/Crafting/AnimalHusbandry/Stress/SheepStress.uasset: Package has unversioned properties but mapping file is missing, can't serialize
[ERR] Error while processing Bellwright/Content/Mist/Data/Items/KnowledgeBooks/Cooking/Cooking_KnowledgeBook_3.uasset: Package has unversioned properties but mapping file is missing, can't serialize
[ERR] Error while processing Bellwright/Content/Mist/Data/ConstructionSite/Elements/Tier2/HardwoodLogHorizontalLong.uasset: Package has unversioned properties but mapping file is missing, can't serialize
[ERR] Error while processing Bellwright/Content/Mist/Data/Placeables/Decorations/Basket.uasset: Package has unversioned properties but mapping file is missing, can't serialize
[ERR] Error while processing Bellwright/Content/Mist/Data/TechTree/Intermediary/Tinplate.uasset: Package has unversioned properties but mapping file is missing, can't serialize
[ERR] Error while processing Bellwright/Content/Mist/Data/Quests/MainQuest/BloodyPrisoner/MainQuestBloodyPrisoner_TalkToKlara.uasset: Package has unversioned properties but mapping file is missing, can't serialize
[ERR] Error while processing Bellwright/Content/Mist/Data/Codex/Lore/Notes/KillerNote2_CodexEntry.uasset: Package has unversioned properties but mapping file is missing, can't serialize
[ERR] Error while processing Bellwright/Content/Mist/Data/Quests/SideQuests/FishingTournament/MasteroftheOcean/MasteroftheOceanQuest_TalkToNPC.uasset: Package has unversioned properties but mapping file is missing, can't serialize
[ERR] Error while processing Bellwright/Content/Mist/Data/ConstructionSite/Elements/Tier2/VerticalWoodenBeam.uasset: Package has unversioned properties but mapping file is missing, can't serialize
[ERR] Error while processing Bellwright/Content/Mist/Data/Items/KnowledgeBooks/Cooking/Cooking_KnowledgeBook_4.uasset: Package has unversioned properties but mapping file is missing, can't serialize
[ERR] Error while processing Bellwright/Content/Mist/Data/Placeables/Decorations/WoodenChair.uasset: Package has unversioned properties but mapping file is missing, can't serialize
[ERR] Error while processing Bellwright/Content/Mist/Data/TechTree/Intermediary/Canvas.uasset: Package has unversioned properties but mapping file is missing, can't serialize
[ERR] Error while processing Bellwright/Content/Mist/Data/Codex/Lore/Notes/LetterfromLordAshbourneCodexEntry.uasset: Package has unversioned properties but mapping file is missing, can't serialize
[ERR] Error while processing Bellwright/Content/Mist/Data/Crafting/AnimalHusbandry/Stress/GooseStress.uasset: Package has unversioned properties but mapping file is missing, can't serialize
[ERR] Error while processing Bellwright/Content/Mist/Data/Items/KnowledgeBooks/Cooking/CookingKnowledgeStatusEffect_1.uasset: Package has unversioned properties but mapping file is missing, can't serialize
[ERR] Error while processing Bellwright/Content/Mist/Data/Placeables/Decorations/StoneTomb.uasset: Package has unversioned properties but mapping file is missing, can't serialize
[ERR] Error while processing Bellwright/Content/Mist/Data/Items/Loot/HiddenLoot/Barrel_LootTemplate.uasset: Package has unversioned properties but mapping file is missing, can't serialize
[ERR] Error while processing Bellwright/Content/Mist/Data/Codex/Lore/Notes/JesterNote_CodexEntry.uasset: Package has unversioned properties but mapping file is missing, can't serialize
[ERR] Error while processing Bellwright/Content/Mist/Data/TechTree/Intermediary/CopperNails.uasset: Package has unversioned properties but mapping file is missing, can't serialize
[ERR] Error while processing Bellwright/Content/Mist/Data/Crafting/Categories/FuelLightSource.uasset: Package has unversioned properties but mapping file is missing, can't serialize
[ERR] Error while processing Bellwright/Content/Mist/Data/ConstructionSite/Elements/Tier2/BarkBuildingsSmallStick.uasset: Package has unversioned properties but mapping file is missing, can't serialize
[ERR] Error while processing Bellwright/Content/Mist/Data/Items/KnowledgeBooks/Cooking/CookingKnowledgeStatusEffect_3.uasset: Package has unversioned properties but mapping file is missing, can't serialize
[ERR] Error while processing Bellwright/Content/Mist/Data/Items/Loot/Camps/Big_Robbers_Camps_LootTemplate.uasset: Package has unversioned properties but mapping file is missing, can't serialize
[ERR] Error while processing Bellwright/Content/Mist/Data/Placeables/Decorations/FoodSortingBench.uasset: Package has unversioned properties but mapping file is missing, can't serialize
[ERR] Error while processing Bellwright/Content/Mist/Data/Codex/Lore/Notes/Small_Ruins_Robbers_Camp_Unique_01_New_Note_CodexEntry.uasset: Package has unversioned properties but mapping file is missing, can't serialize
[ERR] Error while processing Bellwright/Content/Mist/Data/TechTree/Intermediary/Fertilizer.uasset: Package has unversioned properties but mapping file is missing, can't serialize
[ERR] Error while processing Bellwright/Content/Mist/Data/Npcs/NpcFemaleNamesTable.uasset: Package has unversioned properties but mapping file is missing, can't serialize
[ERR] Error while processing Bellwright/Content/Mist/Data/Crafting/Categories/FuelBurning.uasset: Package has unversioned properties but mapping file is missing, can't serialize
[ERR] Error while processing Bellwright/Content/Mist/Data/Items/KnowledgeBooks/Cooking/CookingKnowledgeStatusEffect_5.uasset: Package has unversioned properties but mapping file is missing, can't serialize
[ERR] Error while processing Bellwright/Content/Mist/Data/Placeables/Decorations/BlossomveilBush.uasset: Package has unversioned properties but mapping file is missing, can't serialize
[ERR] Error while processing Bellwright/Content/Mist/Data/Items/Loot/Camps/Small_Robbers_Camps_LootTemplate.uasset: Package has unversioned properties but mapping file is missing, can't serialize
[ERR] Error while processing Bellwright/Content/Mist/Data/ConstructionSite/Elements/Tier2/HardwoodenBark.uasset: Package has unversioned properties but mapping file is missing, can't serialize
[ERR] Error while processing Bellwright/Content/Mist/Data/Codex/Lore/Notes/Bellwright_CodexEntry.uasset: Package has unversioned properties but mapping file is missing, can't serialize
[ERR] Error while processing Bellwright/Content/Mist/Data/TechTree/Intermediary/HardPlank.uasset: Package has unversioned properties but mapping file is missing, can't serialize
[ERR] Error while processing Bellwright/Content/Mist/Data/Crafting/Categories/Base.uasset: Package has unversioned properties but mapping file is missing, can't serialize
[ERR] Error while processing Bellwright/Content/Mist/Data/Items/KnowledgeBooks/Polearms/Polearms_KnowledgeBook_4.uasset: Package has unversioned properties but mapping file is missing, can't serialize
[ERR] Error while processing Bellwright/Content/Mist/Data/ConstructionSite/Elements/Tier2/FakeGranite.uasset: Package has unversioned properties but mapping file is missing, can't serialize
[ERR] Error while processing Bellwright/Content/Mist/Data/Items/Loot/Camps/Mid_Robbers_Camps_LootTemplate.uasset: Package has unversioned properties but mapping file is missing, can't serialize
[ERR] Error while processing Bellwright/Content/Mist/Data/Placeables/Decorations/YdrassaShrine.uasset: Package has unversioned properties but mapping file is missing, can't serialize
[ERR] Error while processing Bellwright/Content/Mist/Data/Codex/Lore/Notes/CarpenterDaughter_BanditNote.uasset: Package has unversioned properties but mapping file is missing, can't serialize
[ERR] Error while processing Bellwright/Content/Mist/Data/TechTree/Intermediary/AnimalFeed.uasset: Package has unversioned properties but mapping file is missing, can't serialize
[ERR] Error while processing Bellwright/Content/Mist/Data/Items/KnowledgeBooks/Polearms/PolearmsKnowledgeStatusEffect_5.uasset: Package has unversioned properties but mapping file is missing, can't serialize
[ERR] Error while processing Bellwright/Content/Mist/Data/Crafting/Categories/Empty.uasset: Package has unversioned properties but mapping file is missing, can't serialize
[ERR] Error while processing Bellwright/Content/Mist/Data/Placeables/Decorations/VeylnorShrine.uasset: Package has unversioned properties but mapping file is missing, can't serialize
[ERR] Error while processing Bellwright/Content/Mist/Data/ConstructionSite/Elements/Tier2/HardwoodPlank_Bark.uasset: Package has unversioned properties but mapping file is missing, can't serialize
[ERR] Error while processing Bellwright/Content/Mist/Data/Items/Loot/Camps/Mid_Swamp_Robbers_Camps_LootTemplate.uasset: Package has unversioned properties but mapping file is missing, can't serialize
[ERR] Error while processing Bellwright/Content/Mist/Data/Quests/SideQuests/FishingTournament/MasteroftheSwamps/MasterofSwampsQuest_TalkToNPC.uasset: Package has unversioned properties but mapping file is missing, can't serialize
[ERR] Error while processing Bellwright/Content/Mist/Data/TechTree/Intermediary/Thatch.uasset: Package has unversioned properties but mapping file is missing, can't serialize
[ERR] Error while processing Bellwright/Content/Mist/Data/Codex/Lore/Notes/Ruined_Robbers_02_Note_CodexEntry.uasset: Package has unversioned properties but mapping file is missing, can't serialize
[ERR] Error while processing Bellwright/Content/Mist/Data/Crafting/Categories/TownBuilding/CarpenterHouse.uasset: Package has unversioned properties but mapping file is missing, can't serialize
[ERR] Error while processing Bellwright/Content/Mist/Data/Crafting/Categories/TownBuilding/BasicRefines.uasset: Package has unversioned properties but mapping file is missing, can't serializeContent/Mist/Data/Items/Loot/Camps/Small_Swamp_Robbers_Camps_LootTemplate.uasset: Package has unversioned properties but mapping file is missing, can't serialize
ToNPC.uasset: Package has unversioned pr
[ERR] Error while processing Bellwright/Content/Mist/Data/Crafting/Categories/TownBuilding/Armourer.uasset: Package has unversioned properties but mapping file is missing, can't serialize
[ERR] Error while processing Bellwright/Content/Mist/Data/Items/KnowledgeBooks/Polearms/PolearmsKnowledgeStatusEffect_3.uasset: Package has unversioned properties but mapping file is missing, can't serialize
[ERR] Error while processing Bellwright/Content/Mist/Data/TechTree/Intermediary/Cob.uasset: Package has unversioned properties but mapping file is missing, can't serialize
[ERR] Error while processing Bellwright/Content/Mist/Data/Npcs/Excursion/ExcursionNpcFemaleNamesTable.uasset: Package has unversioned properties but mapping file is missing, can't serialize
[ERR] Error while processing Bellwright/Content/Mist/Data/Crafting/Categories/TownBuilding/AdvancedArmors.uasset: Package has unversioned properties but mapping file is missing, can't serialize
[ERR] Error while processing Bellwright/Content/Mist/Data/Quests/MainQuest/BloodyPrisoner/MainQuestBloodyPrisoner_TalkTo2Prisoner.uasset: Package has unversioned properties but mapping file is missing, can't serialize
[ERR] Error while processing Bellwright/Content/Mist/Data/TechTree/Intermediary/Charcoal.uasset: Package has unversioned properties but mapping file is missing, can't serialize
[ERR] Error while processing Bellwright/Content/Mist/Data/Items/KnowledgeBooks/Polearms/Polearms_KnowledgeBook_5.uasset: Package has unversioned properties but mapping file is missing, can't serialize
[ERR] Error while processing Bellwright/Content/Mist/Data/Crafting/Categories/TownBuilding/Well.uasset: Package has unversioned properties but mapping file is missing, can't serialize
[ERR] Error while processing Bellwright/Content/Mist/Data/Codex/Lore/Notes/CassandraNote_CodexEntry.uasset: Package has unversioned properties but mapping file is missing, can't serialize
[ERR] Error while processing Bellwright/Content/Mist/Data/ConstructionSite/Elements/Tier2/HardwoodBeam_Bark.uasset: Package has unversioned properties but mapping file is missing, can't serialize
[ERR] Error while processing Bellwright/Content/Mist/Data/Npcs/Excursion/ExcursionNpcMaleNamesTable.uasset: Package has unversioned properties but mapping file is missing, can't serialize
[ERR] Error while processing Bellwright/Content/Mist/Data/Quests/MainQuest/BloodyPrisoner/MainQuestBloodyPrisoner_RescuedButcher.uasset: Package has unversioned properties but mapping file is missing, can't serialize
[ERR] Error while processing Bellwright/Content/Mist/Data/Placeables/Decorations/TwineboundLantern.uasset: Package has unversioned properties but mapping file is missing, can't serialize
[ERR] Error while processing Bellwright/Content/Mist/Data/TechTree/Intermediary/Resin.uasset: Package has unversioned properties but mapping file is missing, can't serialize
[ERR] Error while processing Bellwright/Content/Mist/Data/Npcs/Excursion/ExcursionLastNamesTable.uasset: Package has unversioned properties but mapping file is missing, can't serialize
[ERR] Error while processing Bellwright/Content/Mist/Data/Quests/RaidMap/TheShadowOverHalmare/TheShadowOverHalmareQuest_TalkToJuras.uasset: Package has unversioned properties but mapping file is missing, can't serialize
[ERR] Error while processing Bellwright/Content/Mist/Data/Items/Loot/HQ/BrigandHQ_LootTemplate.uasset: Package has unversioned properties but mapping file is missing, can't serialize
[ERR] Error while processing Bellwright/Content/Mist/Data/Quests/MainQuest/BloodyPrisoner/MainQuestBloodyPrisoner.uasset: Package has unversioned properties but mapping file is missing, can't serialize
[ERR] Error while processing Bellwright/Content/Mist/Data/Codex/Lore/Notes/MadWarrior_CodexEntry.uasset: Package has unversioned properties but mapping file is missing, can't serializent/Mist/Data/Items/KnowledgeBooks/Polearms/PolearmsKnowledgeStatusEffect_1.uasset: Package has unversioned properties but mapping file is missing, can't serialize
oned properties but mapping file is missing, 
[ERR] Error while processing Bellwright/Content/Mist/Data/Crafting/Categories/TownBuilding/CoinMint.uasset: Package has unversioned properties but mapping file is missing, can't serialize
[ERR] Error while processing Bellwright/Content/Mist/Data/TechTree/Intermediary/Leather.uasset: Package has unversioned properties but mapping file is missing, can't serialize
[ERR] Error while processing Bellwright/Content/Mist/Data/ConstructionSite/Elements/Tier2/RopeBuildable.uasset: Package has unversioned properties but mapping file is missing, can't serialize
[ERR] Error while processing Bellwright/Content/Mist/Data/Npcs/Curves/CompetentPerformanceCurve.uasset: Package has unversioned properties but mapping file is missing, can't serialize
[ERR] Error while processing Bellwright/Content/Mist/Data/Quests/RaidMap/TheShadowOverHalmare/TheShadowOverHalmareQuest_TalkToBalzar.uasset: Package has unversioned properties but mapping file is missing, can't serialize
[ERR] Error while processing Bellwright/Content/Mist/Data/Items/Loot/Bandits/T1/T1_RobberShielder_NpcLootTemplate.uasset: Package has unversioned properties but mapping file is missing, can't serialize
[ERR] Error while processing Bellwright/Content/Mist/Data/Items/KnowledgeBooks/Polearms/Polearms_KnowledgeBook_3.uasset: Package has unversioned properties but mapping file is missing, can't serialize
[ERR] Error while processing Bellwright/Content/Mist/Data/TechTree/Intermediary/IronIngot.uasset: Package has unversioned properties but mapping file is missing, can't serialize
[ERR] Error while processing Bellwright/Content/Mist/Data/Quests/SideQuests/FishingTournament/MasteroftheRivers/MasteroftheRiversQuest_BringFish.uasset: Package has unversioned properties but mapping file is missing, can't serialize
[ERR] Error while processing Bellwright/Content/Mist/Data/Crafting/Categories/TownBuilding/AdvancedClothing.uasset: Package has unversioned properties but mapping file is missing, can't serialize
[ERR] Error while processing Bellwright/Content/Mist/Data/ConstructionSite/Elements/Tier2/HardwoodPlankThin.uasset: Package has unversioned properties but mapping file is missing, can't serialize
[ERR] Error while processing Bellwright/Content/Mist/Data/Codex/Lore/Notes/KillerJournalBook_CodexEntry.uasset: Package has unversioned properties but mapping file is missing, can't serialize
[ERR] Error while processing Bellwright/Content/Mist/Data/Npcs/Curves/NovicePerformanceCurve.uasset: Package has unversioned properties but mapping file is missing, can't serialize
[ERR] Error while processing Bellwright/Content/Mist/Data/TechTree/Intermediary/WoodenPlank.uasset: Package has unversioned properties but mapping file is missing, can't serialize
[ERR] Error while processing Bellwright/Content/Mist/Data/Placeables/Decorations/DaruShrine.uasset: Package has unversioned properties but mapping file is missing, can't serialize
[ERR] Error while processing Bellwright/Content/Mist/Data/Items/Loot/Bandits/T1/T1_RobberRanged_NpcLootTemplate.uasset: Package has unversioned properties but mapping file is missing, can't serialize
[ERR] Error while processing Bellwright/Content/Mist/Data/Items/KnowledgeBooks/Polearms/Polearms_KnowledgeBook_1.uasset: Package has unversioned properties but mapping file is missing, can't serialize
[ERR] Error while processing Bellwright/Content/Mist/Data/Quests/MainQuest/BloodyPrisoner/MainQuestBloodyPrisoner_FirstTalkToButcher.uasset: Package has unversioned properties but mapping file is missing, can't serialize
[ERR] Error while processing Bellwright/Content/Mist/Data/ConstructionSite/Elements/Tier2/GateFrame.uasset: Package has unversioned properties but mapping file is missing, can't serialize
[ERR] Error while processing Bellwright/Content/Mist/Data/Crafting/Categories/TownBuilding/Campsite.uasset: Package has unversioned properties but mapping file is missing, can't serializePackage has unversioned properties but mapping file is missing, can't serialize
[ERR] Error while processing Bellwright/Content/Mist/Data/Npcs/Curves/ProficientPerformanceCurve.uasset: Package has unversioned properties but mapping file is missing, can't serialize
ist/Data/Items/KnowledgeBooks/Polearms/Polearms_KnowledgeBook_1.uasset: Package has unversioned p
[ERR] Error while processing Bellwright/Content/Mist/Data/Items/Loot/Bandits/T1/T1_RobberMelee_NpcLootTemplate.uasset: Package has unversioned properties but mapping file is missing, can't serialize
[ERR] Error while processing Bellwright/Content/Mist/Data/Items/KnowledgeBooks/Polearms/PolearmsKnowledgeStatusEffect_2.uasset: Package has unversioned properties but mapping file is missing, can't serialize
[ERR] Error while processing Bellwright/Content/Mist/Data/Placeables/Decorations/Vase.uasset: Package has unversioned properties but mapping file is missing, can't serialize
[ERR] Error while processing Bellwright/Content/Mist/Data/Codex/Lore/Notes/NoticeRaisedTaxes_CodexEntry.uasset: Package has unversioned properties but mapping file is missing, can't serialize
[ERR] Error while processing Bellwright/Content/Mist/Data/Quests/RaidMap/TheShadowOverHalmare/TheShadowOverHalmareQuest_TalkToLysara.uasset: Package has unversioned properties but mapping file is missing, can't serialize
[ERR] Error while processing Bellwright/Content/Mist/Data/ConstructionSite/Elements/Tier2/HardwoodPlankHorizontal.uasset: Package has unversioned properties but mapping file is missing, can't serialize
[ERR] Error while processing Bellwright/Content/Mist/Data/Items/KnowledgeBooks/Polearms/PolearmsKnowledgeStatusEffect_4.uasset: Package has unversioned properties but mapping file is missing, can't serialize
[ERR] Error while processing Bellwright/Content/Mist/Data/Items/Loot/Bandits/T1/T1_RobberHeavy_NpcLootTemplate.uasset: Package has unversioned properties but mapping file is missing, can't serialize
[ERR] Error while processing Bellwright/Content/Mist/Data/Npcs/Curves/BeginnerPerformanceCurve.uasset: Package has unversioned properties but mapping file is missing, can't serialize
[ERR] Error while processing Bellwright/Content/Mist/Data/Quests/SideQuests/FishingTournament/MasteroftheRivers/MasteroftheRiversQuest_TalkToNPC.uasset: Package has unversioned properties but mapping file is missing, can't serialize
[ERR] Error while processing Bellwright/Content/Mist/Data/Crafting/Categories/TownBuilding/AdvancedPitSaw.uasset: Package has unversioned properties but mapping file is missing, can't serialize
[ERR] Error while processing Bellwright/Content/Mist/Data/TechTree/Intermediary/TinIngot.uasset: Package has unversioned properties but mapping file is missing, can't serialize
[ERR] Error while processing Bellwright/Content/Mist/Data/ConstructionSite/Elements/Tier2/hardwoodshortlog.uasset: Package has unversioned properties but mapping file is missing, can't serialize
[ERR] Error while processing Bellwright/Content/Mist/Data/Quests/RaidMap/TheShadowOverHalmare/TheShadowOverHalmareQuest_BringTheBottle.uasset: Package has unversioned properties but mapping file is missing, can't serialize
[ERR] Error while processing Bellwright/Content/Mist/Data/Items/KnowledgeBooks/Polearms/Polearms_KnowledgeBook_2.uasset: Package has unversioned properties but mapping file is missing, can't serialize
[ERR] Error while processing Bellwright/Content/Mist/Data/Crafting/Categories/TownBuilding/Inn.uasset: Package has unversioned properties but mapping file is missing, can't serialize
[ERR] Error while processing Bellwright/Content/Mist/Data/TechTree/Intermediary/CopperIngot.uasset: Package has unversioned properties but mapping file is missing, can't serialize
[ERR] Error while processing Bellwright/Content/Mist/Data/Codex/Lore/Notes/WidowsDiary_CodexEntry.uasset: Package has unversioned properties but mapping file is missing, can't serialize
[ERR] Error while processing Bellwright/Content/Mist/Data/Items/Loot/Bandits/T0/T0_RobberShielder_NpcLootTemplate.uasset: Package has unversioned properties but mapping file is missing, can't serializecan't serialize
ut mapping file is missing, can't serialize
[ERR] Error while processing Bellwright/Content/Mist/Data/Items/KnowledgeBooks/Polearms/Polearms_KnowledgeBook_2.uasset
[ERR] Error while processing Bellwright/Content/Mist/Data/Crafting/Categories/TownBuilding/Glassworks.uasset: Package has unversioned properties but mapping file is missing, can't serialize
[ERR] Error while processing Bellwright/Content/Mist/Data/Npcs/Curves/Skills/FarmingCurve.uasset: Package has unversioned properties but mapping file is missing, can't serialize
[ERR] Error while processing Bellwright/Content/Mist/Data/Crafting/Categories/TownBuilding/SmeltingFurnace.uasset: Package has unversioned properties but mapping file is missing, can't serialize
[ERR] Error while processing Bellwright/Content/Mist/Data/Placeables/Decorations/OrganizedTimberStack.uasset: Package has unversioned properties but mapping file is missing, can't serialize
[ERR] Error while processing Bellwright/Content/Mist/Data/Npcs/Curves/Skills/CraftingCurve.uasset: Package has unversioned properties but mapping file is missing, can't serialize
[ERR] Error while processing Bellwright/Content/Mist/Data/Crafting/Categories/TownBuilding/Thresher.uasset: Package has unversioned properties but mapping file is missing, can't serialize
[ERR] Error while processing Bellwright/Content/Mist/Data/Quests/SideQuests/FishingTournament/BigFish/BigFishQuest.uasset: Package has unversioned properties but mapping file is missing, can't serialize
[ERR] Error while processing Bellwright/Content/Mist/Data/Items/Loot/Bandits/T0/T0_RobberRanged_NpcLootTemplate.uasset: Package has unversioned properties but mapping file is missing, can't serialize
[ERR] Error while processing Bellwright/Content/Mist/Data/TechTree/Intermediary/Strap.uasset: Package has unversioned properties but mapping file is missing, can't serialize
[ERR] Error while processing Bellwright/Content/Mist/Data/Codex/Lore/Notes/ShepherdsNote_CodexEntry.uasset: Package has unversioned properties but mapping file is missing, can't serialize
[ERR] Error while processing Bellwright/Content/Mist/Data/Items/KnowledgeBooks/Research/Research_KnowledgeBook_4.uasset: Package has unversioned properties but mapping file is missing, can't serialize
[ERR] Error while processing Bellwright/Content/Mist/Data/ConstructionSite/Elements/Tier2/HardwoodLogHorizontalFlat.uasset: Package has unversioned properties but mapping file is missing, can't serialize
[ERR] Error while processing Bellwright/Content/Mist/Data/Crafting/Categories/TownBuilding/BarnT2.uasset: Package has unversioned properties but mapping file is missing, can't serialize
[ERR] Error while processing Bellwright/Content/Mist/Data/Placeables/Decorations/DamagedGrave.uasset: Package has unversioned properties but mapping file is missing, can't serialize
[ERR] Error while processing Bellwright/Content/Mist/Data/Codex/Lore/Notes/VeinsOfDeceitLetter_CodexEntry.uasset: Package has unversioned properties but mapping file is missing, can't serialize
[ERR] Error while processing Bellwright/Content/Mist/Data/Items/KnowledgeBooks/Research/ResearchKnowledgeStatusEffect_4.uasset: Package has unversioned properties but mapping file is missing, can't serialize
[ERR] Error while processing Bellwright/Content/Mist/Data/Items/Loot/Bandits/T0/T0_RobberHeavy_NpcLootTemplate.uasset: Package has unversioned properties but mapping file is missing, can't serialize
[ERR] Error while processing Bellwright/Content/Mist/Data/Npcs/Curves/Skills/CookingCurve.uasset: Package has unversioned properties but mapping file is missing, can't serialize
[ERR] Error while processing Bellwright/Content/Mist/Data/ConstructionSite/Elements/Tier2/GraniteBlock.uasset: Package has unversioned properties but mapping file is missing, can't serialize
[ERR] Error while processing Bellwright/Content/Mist/Data/Crafting/Categories/TownBuilding/MilitiaHouse.uasset: Package has unversioned properties but mapping file is missing, can't serialize
[ERR] Error while processing Bellwright/Content/Mist/Data/Placeables/Decorations/HerbHanger.uasset: Package has unversioned properties but mapping file is missing, can't serialize
[ERR] Error while processing Bellwright/Content/Mist/Data/Items/KnowledgeBooks/Research/ResearchKnowledgeStatusEffect_2.uasset: Package has unversioned properties but mapping file is missing, can't serialize
[ERR] Error while processing Bellwright/Content/Mist/Data/Items/Loot/Bandits/T0/T0_RobberMelee_NpcLootTemplate.uasset: Package has unversioned properties but mapping file is missing, can't serialize
[ERR] Error while processing Bellwright/Content/Mist/Data/Codex/Lore/Notes/LordoftheLowlandsLetterCodexEntry.uasset: Package has unversioned properties but mapping file is missing, can't serialize
[ERR] Error while processing Bellwright/Content/Mist/Data/Npcs/Curves/Skills/ResearchingCurve.uasset: Package has unversioned properties but mapping file is missing, can't serialize
[ERR] Error while processing Bellwright/Content/Mist/Data/ConstructionSite/Elements/Tier2/HardwoodPlankSmallAngled.uasset: Package has unversioned properties but mapping file is missing, can't serialize
[ERR] Error while processing Bellwright/Content/Mist/Data/Crafting/Categories/TownBuilding/Tavern.uasset: Package has unversioned properties but mapping file is missing, can't serialize
[ERR] Error while processing Bellwright/Content/Mist/Data/Codex/Lore/Notes/ScamLetter_CodexEntry.uasset: Package has unversioned properties but mapping file is missing, can't serialize
[ERR] Error while processing Bellwright/Content/Mist/Data/Items/KnowledgeBooks/Research/Research_KnowledgeBook_3.uasset: Package has unversioned properties but mapping file is missing, can't serialize
[ERR] Error while processing Bellwright/Content/Mist/Data/Placeables/Decorations/SingleLantern.uasset: Package has unversioned properties but mapping file is missing, can't serialize
[ERR] Error while processing Bellwright/Content/Mist/Data/Npcs/Curves/Skills/HuntingCurve.uasset: Package has unversioned properties but mapping file is missing, can't serialize
[ERR] Error while processing Bellwright/Content/Mist/Data/Items/Loot/Bandits/T0/Quest/CultLeader_LootTemplate.uasset: Package has unversioned properties but mapping file is missing, can't serialize
[ERR] Error while processing Bellwright/Content/Mist/Data/Codex/Lore/Notes/ABanquetOfGoldShipment_CodexEntry.uasset: Package has unversioned properties but mapping file is missing, can't serialize
[ERR] Error while processing Bellwright/Content/Mist/Data/ConstructionSite/Elements/Tier2/AnimalHide.uasset: Package has unversioned properties but mapping file is missing, can't serialize
[ERR] Error while processing Bellwright/Content/Mist/Data/Crafting/Categories/TownBuilding/BasicWeapons.uasset: Package has unversioned properties but mapping file is missing, can't serialize
[ERR] Error while processing Bellwright/Content/Mist/Data/Npcs/Curves/Skills/HarvestingCurve.uasset: Package has unversioned properties but mapping file is missing, can't serialize
[ERR] Error while processing Bellwright/Content/Mist/Data/Items/KnowledgeBooks/Research/Research_KnowledgeBook_1.uasset: Package has unversioned properties but mapping file is missing, can't serialize
[ERR] Error while processing Bellwright/Content/Mist/Data/Quests/SideQuests/Blackridgepool/BlackridgepoolMillerTalk.uasset: Package has unversioned properties but mapping file is missing, can't serialize
[ERR] Error while processing Bellwright/Content/Mist/Data/Items/Loot/Bandits/T2/T2_RobberMelee_NpcLootTemplate.uasset: Package has unversioned properties but mapping file is missing, can't serialize
[ERR] Error while processing Bellwright/Content/Mist/Data/Placeables/Decorations/SunflowerPatch.uasset: Package has unversioned properties but mapping file is missing, can't serialize
[ERR] Error while processing Bellwright/Content/Mist/Data/Crafting/Categories/TownBuilding/Kiln.uasset: Package has unversioned properties but mapping file is missing, can't serializentry.uasset: Package has unversioned properties but mapping file is missing, can't serialize
t/Data/Items/KnowledgeBooks/Research/Research_KnowledgeBook_1.uasset: Package has unversi
[ERR] Error while processing Bellwright/Content/Mist/Data/Items/KnowledgeBooks/Research/Research_KnowledgeBook_5.uasset: Package has unversioned properties but mapping file is missing, can't serialize
[ERR] Error while processing Bellwright/Content/Mist/Data/Codex/Lore/Notes/DeadGuardsNote_CodexEntry.uasset: Package has unversioned properties but mapping file is missing, can't serialize
[ERR] Error while processing Bellwright/Content/Mist/Data/TechTree/Gear/Tools/SturdyPickaxe.uasset: Package has unversioned properties but mapping file is missing, can't serialize
[ERR] Error while processing Bellwright/Content/Mist/Data/Crafting/Categories/TownBuilding/TannersHouse.uasset: Package has unversioned properties but mapping file is missing, can't serialize
[ERR] Error while processing Bellwright/Content/Mist/Data/Npcs/Curves/Skills/LabourerCurve.uasset: Package has unversioned properties but mapping file is missing, can't serialize
[ERR] Error while processing Bellwright/Content/Mist/Data/ConstructionSite/Elements/Tier2/CuredRopeKnot.uasset: Package has unversioned properties but mapping file is missing, can't serialize
[ERR] Error while processing Bellwright/Content/Mist/Data/Items/KnowledgeBooks/Research/ResearchKnowledgeStatusEffect_1.uasset: Package has unversioned properties but mapping file is missing, can't serialize
[ERR] Error while processing Bellwright/Content/Mist/Data/Crafting/Categories/TownBuilding/AdvancedRefines.uasset: Package has unversioned properties but mapping file is missing, can't serialize
[ERR] Error while processing Bellwright/Content/Mist/Data/Placeables/Decorations/OpenBarrel.uasset: Package has unversioned properties but mapping file is missing, can't serialize
[ERR] Error while processing Bellwright/Content/Mist/Data/Codex/Lore/Notes/CultBook_CodexEntry.uasset: Package has unversioned properties but mapping file is missing, can't serialize
[ERR] Error while processing Bellwright/Content/Mist/Data/Npcs/Curves/combat/AttackSpeedBonusForAgilityCurve.uasset: Package has unversioned properties but mapping file is missing, can't serialize
[ERR] Error while processing Bellwright/Content/Mist/Data/Items/KnowledgeBooks/Research/Research_KnowledgeBook_2.uasset: Package has unversioned properties but mapping file is missing, can't serialize
[ERR] Error while processing Bellwright/Content/Mist/Data/Crafting/Categories/TownBuilding/Apiary.uasset: Package has unversioned properties but mapping file is missing, can't serialize
[ERR] Error while processing Bellwright/Content/Mist/Data/ConstructionSite/Elements/Tier2/SailNet.uasset: Package has unversioned properties but mapping file is missing, can't serialize
[ERR] Error while processing Bellwright/Content/Mist/Data/Items/Loot/Bandits/T2/T2_RobberShielder_NpcLootTemplate.uasset: Package has unversioned properties but mapping file is missing, can't serialize
[ERR] Error while processing Bellwright/Content/Mist/Data/TechTree/Gear/Tools/SimpleAxe.uasset: Package has unversioned properties but mapping file is missing, can't serialize
[ERR] Error while processing Bellwright/Content/Mist/Data/Placeables/Decorations/ClosedBarrel.uasset: Package has unversioned properties but mapping file is missing, can't serialize
[ERR] Error while processing Bellwright/Content/Mist/Data/Codex/Lore/Notes/LettertoAshbourneCodexEntry.uasset: Package has unversioned properties but mapping file is missing, can't serialize
[ERR] Error while processing Bellwright/Content/Mist/Data/Items/KnowledgeBooks/Research/ResearchKnowledgeStatusEffect_5.uasset: Package has unversioned properties but mapping file is missing, can't serialize
[ERR] Error while processing Bellwright/Content/Mist/Data/ConstructionSite/Elements/Tier2/GatePartA1.uasset: Package has unversioned properties but mapping file is missing, can't serializeright/Content/Mist/Data/Items/Loot/Bandits/T2/T2_RobberHeavy_NpcLootTemplate.uasset: Package has unversioned properties but mapping file is missing, can't serialize
ackage has unversioned properties 
[ERR] Error while processing Bellwright/Content/Mist/Data/Crafting/Categories/TownBuilding/LeatherClothing.uasset: Package has unversioned properties but mapping file is missing, can't serialize
[ERR] Error while processing Bellwright/Content/Mist/Data/TechTree/Gear/Tools/Hoe.uasset: Package has unversioned properties but mapping file is missing, can't serialize
[ERR] Error while processing Bellwright/Content/Mist/Data/Npcs/Curves/combat/AttackSpeedBonusForRangedWeaponMasteryCurve.uasset: Package has unversioned properties but mapping file is missing, can't serialize
[ERR] Error while processing Bellwright/Content/Mist/Data/Items/KnowledgeBooks/Research/ResearchKnowledgeStatusEffect_3.uasset: Package has unversioned properties but mapping file is missing, can't serialize
[ERR] Error while processing Bellwright/Content/Mist/Data/ConstructionSite/Elements/Tier2/HardWoodAngledSmallSticks.uasset: Package has unversioned properties but mapping file is missing, can't serialize
[ERR] Error while processing Bellwright/Content/Mist/Data/Codex/Lore/Notes/MysteriousBottle_CodexEntry.uasset: Package has unversioned properties but mapping file is missing, can't serialize
[ERR] Error while processing Bellwright/Content/Mist/Data/Items/Loot/Bandits/T2/T2_RobberRanged_NpcLootTemplate.uasset: Package has unversioned properties but mapping file is missing, can't serialize
[ERR] Error while processing Bellwright/Content/Mist/Data/Crafting/Categories/TownBuilding/StonemasonsHut.uasset: Package has unversioned properties but mapping file is missing, can't serialize
[ERR] Error while processing Bellwright/Content/Mist/Data/Placeables/Decorations/MorvathisShrine.uasset: Package has unversioned properties but mapping file is missing, can't serialize
[ERR] Error while processing Bellwright/Content/Mist/Data/Npcs/Curves/combat/AttackSpeedMalusForShieldMasteryCurve.uasset: Package has unversioned properties but mapping file is missing, can't serialize
[ERR] Error while processing Bellwright/Content/Mist/Data/Items/KnowledgeBooks/Farming/Farming_KnowledgeBook_3.uasset: Package has unversioned properties but mapping file is missing, can't serialize
[ERR] Error while processing Bellwright/Content/Mist/Data/Items/Loot/Poi/Wolves_CavePOI_LootTemplate.uasset: Package has unversioned properties but mapping file is missing, can't serialize
[ERR] Error while processing Bellwright/Content/Mist/Data/Codex/Lore/Notes/LetterToFintonMallet_CodexEntry.uasset: Package has unversioned properties but mapping file is missing, can't serialize
[ERR] Error while processing Bellwright/Content/Mist/Data/Crafting/Categories/TownBuilding/BasicClothing.uasset: Package has unversioned properties but mapping file is missing, can't serialize
[ERR] Error while processing Bellwright/Content/Mist/Data/Placeables/Decorations/Test4.uasset: Package has unversioned properties but mapping file is missing, can't serialize
[ERR] Error while processing Bellwright/Content/Mist/Data/Items/KnowledgeBooks/Farming/Farming_KnowledgeBook_5.uasset: Package has unversioned properties but mapping file is missing, can't serialize
[ERR] Error while processing Bellwright/Content/Mist/Data/Items/Loot/Poi/SmallPOI_LootTemplate.uasset: Package has unversioned properties but mapping file is missing, can't serialize
[ERR] Error while processing Bellwright/Content/Mist/Data/ConstructionSite/Elements/Tier2/HardWoodPlankVerticalLongThin.uasset: Package has unversioned properties but mapping file is missing, can't serialize
[ERR] Error while processing Bellwright/Content/Mist/Data/Codex/Lore/Notes/SirMedivalPart2Note_CodexEntry.uasset: Package has unversioned properties but mapping file is missing, can't serialize
[ERR] Error while processing Bellwright/Content/Mist/Data/Crafting/Categories/TownBuilding/LeatherWorking.uasset: Package has unversioned properties but mapping file is missing, can't serializeGear/Tools/Torch.uasset: Package has unversioned properties but mapping file is missing, can't serialize
edgeBooks/Farming/Farming_KnowledgeBook_5.uasset: Package has unver
[ERR] Error while processing Bellwright/Content/Mist/Data/Items/KnowledgeBooks/Farming/Farming_KnowledgeBook_1.uasset: Package has unversioned properties but mapping file is missing, can't serialize
[ERR] Error while processing Bellwright/Content/Mist/Data/Placeables/Decorations/ReinforcedLog.uasset: Package has unversioned properties but mapping file is missing, can't serialize
[ERR] Error while processing Bellwright/Content/Mist/Data/ConstructionSite/Elements/Tier2/FakeTineRope.uasset: Package has unversioned properties but mapping file is missing, can't serialize
[ERR] Error while processing Bellwright/Content/Mist/Data/Codex/Lore/Notes/Trustworthy/Trustworthy_CodexEntry.uasset: Package has unversioned properties but mapping file is missing, can't serialize
[ERR] Error while processing Bellwright/Content/Mist/Data/TechTree/Gear/Tools/Shovel.uasset: Package has unversioned properties but mapping file is missing, can't serialize
[ERR] Error while processing Bellwright/Content/Mist/Data/Items/Loot/Poi/Gold_HighlandsTower_LootTemplate.uasset: Package has unversioned properties but mapping file is missing, can't serialize
[ERR] Error while processing Bellwright/Content/Mist/Data/Crafting/Categories/TownBuilding/Toolmaker.uasset: Package has unversioned properties but mapping file is missing, can't serialize
[ERR] Error while processing Bellwright/Content/Mist/Data/Items/KnowledgeBooks/Farming/Farming_KnowledgeBook_4.uasset: Package has unversioned properties but mapping file is missing, can't serialize
[ERR] Error while processing Bellwright/Content/Mist/Data/Npcs/Curves/combat/DamageBonusForMeleeWeaponMasteryCurve.uasset: Package has unversioned properties but mapping file is missing, can't serialize
[ERR] Error while processing Bellwright/Content/Mist/Data/Codex/Lore/Notes/ClosureRouteB/ClosureBNote_CodexEntry.uasset: Package has unversioned properties but mapping file is missing, can't serialize
[ERR] Error while processing Bellwright/Content/Mist/Data/Items/KnowledgeBooks/Farming/FarmingKnowledgeStatusEffect_2.uasset: Package has unversioned properties but mapping file is missing, can't serialize
[ERR] Error while processing Bellwright/Content/Mist/Data/TechTree/Gear/Tools/FishingRod.uasset: Package has unversioned properties but mapping file is missing, can't serialize
[ERR] Error while processing Bellwright/Content/Mist/Data/Npcs/Curves/combat/AttackSpeedBonusForMeleeWeaponMasteryCurve.uasset: Package has unversioned properties but mapping file is missing, can't serialize
[ERR] Error while processing Bellwright/Content/Mist/Data/ConstructionSite/Elements/Tier2/CobOven.uasset: Package has unversioned properties but mapping file is missing, can't serialize
[ERR] Error while processing Bellwright/Content/Mist/Data/Codex/Lore/Notes/ForeignCountriesLetters/WhisterfieldCouncilLetterCodexEntry.uasset: Package has unversioned properties but mapping file is missing, can't serialize
[ERR] Error while processing Bellwright/Content/Mist/Data/Placeables/Decorations/Scarecrow.uasset: Package has unversioned properties but mapping file is missing, can't serialize
[ERR] Error while processing Bellwright/Content/Mist/Data/Items/KnowledgeBooks/Farming/FarmingKnowledgeStatusEffect_4.uasset: Package has unversioned properties but mapping file is missing, can't serialize
[ERR] Error while processing Bellwright/Content/Mist/Data/Crafting/Categories/TownBuilding/WeaverHut.uasset: Package has unversioned properties but mapping file is missing, can't serialize
[ERR] Error while processing Bellwright/Content/Mist/Data/TechTree/Gear/Tools/SimpleSickle.uasset: Package has unversioned properties but mapping file is missing, can't serialize
[ERR] Error while processing Bellwright/Content/Mist/Data/Items/Loot/Poi/SirMedivalChestPOI_LootTemplate.uasset: Package has unversioned properties but mapping file is missing, can't serialize
[ERR] Error while processing Bellwright/Content/Mist/Data/ConstructionSite/Elements/Tier2/HardwoodLog_Bark.uasset: Package has unversioned properties but mapping file is missing, can't serialize
[ERR] Error while processing Bellwright/Content/Mist/Data/Npcs/Curves/combat/CrossbowRangedCameraShakeScaleCurve1.uasset: Package has unversioned properties but mapping file is missing, can't serialize
[ERR] Error while processing Bellwright/Content/Mist/Data/Items/KnowledgeBooks/Farming/FarmingKnowledgeStatusEffect_3.uasset: Package has unversioned properties but mapping file is missing, can't serialize
[ERR] Error while processing Bellwright/Content/Mist/Data/Placeables/Decorations/SturdyBench.uasset: Package has unversioned properties but mapping file is missing, can't serialize
[ERR] Error while processing Bellwright/Content/Mist/Data/Crafting/Categories/TownBuilding/BasicArmors.uasset: Package has unversioned properties but mapping file is missing, can't serialize
[ERR] Error while processing Bellwright/Content/Mist/Data/TechTree/Gear/Weapons/T0/HuntsmanSword.uasset: Package has unversioned properties but mapping file is missing, can't serialize
[ERR] Error while processing Bellwright/Content/Mist/Data/ConstructionSite/Elements/Tier2/StoneGranite.uasset: Package has unversioned properties but mapping file is missing, can't serialize
[ERR] Error while processing Bellwright/Content/Mist/Data/Items/KnowledgeBooks/Farming/FarmingKnowledgeStatusEffect_1.uasset: Package has unversioned properties but mapping file is missing, can't serialize
[ERR] Error while processing Bellwright/Content/Mist/Data/ConstructionSite/Elements/Tier2/KnobRopes.uasset: Package has unversioned properties but mapping file is missing, can't serialize
[ERR] Error while processing Bellwright/Content/Mist/Data/Placeables/Decorations/ClosedBasket.uasset: Package has unversioned properties but mapping file is missing, can't serialize
[ERR] Error while processing Bellwright/Content/Mist/Data/Npcs/Curves/combat/RangedCameraShakeScaleCurve.uasset: Package has unversioned properties but mapping file is missing, can't serialize
[ERR] Error while processing Bellwright/Content/Mist/Data/Items/KnowledgeBooks/Farming/FarmingKnowledgeStatusEffect_5.uasset: Package has unversioned properties but mapping file is missing, can't serialize
[ERR] Error while processing Bellwright/Content/Mist/Data/ConstructionSite/Elements/Tier2/SailMetal.uasset: Package has unversioned properties but mapping file is missing, can't serialize
[ERR] Error while processing Bellwright/Content/Mist/Data/Crafting/Categories/TownBuilding/TannersHut.uasset: Package has unversioned properties but mapping file is missing, can't serialize
[ERR] Error while processing Bellwright/Content/Mist/Data/Codex/Lore/Notes/ForeignCountriesLetters/LoveLetterAlderekCodexEntry.uasset: Package has unversioned properties but mapping file is missing, can't serialize
[ERR] Error while processing Bellwright/Content/Mist/Data/Quests/RaidMap/FairDeal/FairDealQuest_KillIsandro.uasset: Package has unversioned properties but mapping file is missing, can't serialize
[ERR] Error while processing Bellwright/Content/Mist/Data/Npcs/Curves/combat/CrossbowRangedCameraShakeScaleCurve.uasset: Package has unversioned properties but mapping file is missing, can't serialize
[ERR] Error while processing Bellwright/Content/Mist/Data/Items/Loot/Poi/BigPOI_LootTemplate.uasset: Package has unversioned properties but mapping file is missing, can't serialize
[ERR] Error while processing Bellwright/Content/Mist/Data/Items/KnowledgeBooks/Farming/Farming_KnowledgeBook_2.uasset: Package has unversioned properties but mapping file is missing, can't serialize
[ERR] Error while processing Bellwright/Content/Mist/Data/ConstructionSite/Elements/Tier2/HardwoodLogAngled.uasset: Package has unversioned properties but mapping file is missing, can't serialize
[ERR] Error while processing Bellwright/Content/Mist/Data/TechTree/Gear/Weapons/T0/MakeshiftBlade.uasset: Package has unversioned properties but mapping file is missing, can't serialize
[ERR] Error while processing Bellwright/Content/Mist/Data/Crafting/Categories/TownBuilding/AdvancedTools.uasset: Package has unversioned properties but mapping file is missing, can't serialize
[ERR] Error while processing Bellwright/Content/Mist/Data/Placeables/Decorations/Test1.uasset: Package has unversioned properties but mapping file is missing, can't serialize
[ERR] Error while processing Bellwright/Content/Mist/Data/Quests/SideQuests/Blackridgepool/BlackridgepoolBooksMerchantTalk.uasset: Package has unversioned properties but mapping file is missing, can't serialize
[ERR] Error while processing Bellwright/Content/Mist/Data/Items/Loot/Poi/MediumPOI_LootTemplate.uasset: Package has unversioned properties but mapping file is missing, can't serialize
[ERR] Error while processing Bellwright/Content/Mist/Data/Codex/Lore/Notes/ForeignCountriesLetters/WhisterfieldIntelligenceReportCodexEntry.uasset: Package has unversioned properties but mapping file is missing, can't serialize
[ERR] Error while processing Bellwright/Content/Mist/Data/ConstructionSite/Elements/Tier2/BoatRopes.uasset: Package has unversioned properties but mapping file is missing, can't serialize
[ERR] Error while processing Bellwright/Content/Mist/Data/Items/KnowledgeBooks/Strength/Strength_KnowledgeBook_2.uasset: Package has unversioned properties but mapping file is missing, can't serialize
[ERR] Error while processing Bellwright/Content/Mist/Data/Quests/RaidMap/FairDeal/FairDealQuest_BringItemToEryk.uasset: Package has unversioned properties but mapping file is missing, can't serialize
[ERR] Error while processing Bellwright/Content/Mist/Data/Placeables/Decorations/Pillory.uasset: Package has unversioned properties but mapping file is missing, can't serialize
[ERR] Error while processing Bellwright/Content/Mist/Data/Quests/SideQuests/Blackridgepool/BlackridgepoolThianaReeslingTalk.uasset: Package has unversioned properties but mapping file is missing, can't serialize
[ERR] Error while processing Bellwright/Content/Mist/Data/Crafting/Categories/TownBuilding/Blacksmith.uasset: Package has unversioned properties but mapping file is missing, can't serialize
[ERR] Error while processing Bellwright/Content/Mist/Data/Items/Loot/Poi/StartChest_LootTemplate.uasset: Package has unversioned properties but mapping file is missing, can't serialize
[ERR] Error while processing Bellwright/Content/Mist/Data/ConstructionSite/Elements/Tier2/SailRope.uasset: Package has unversioned properties but mapping file is missing, can't serialize
[ERR] Error while processing Bellwright/Content/Mist/Data/Quests/MainQuest/BurningStove/RescueQuest_Chain3/MainQuestBurningStove_TalkToRescuedNpc_3.uasset: Package has unversioned properties but mapping file is missing, can't serialize
[ERR] Error while processing Bellwright/Content/Mist/Data/Items/KnowledgeBooks/Strength/StrengthKnowledgeStatusEffect_3.uasset: Package has unversioned properties but mapping file is missing, can't serialize
[ERR] Error while processing Bellwright/Content/Mist/Data/Placeables/Decorations/Test3.uasset: Package has unversioned properties but mapping file is missing, can't serialize
[ERR] Error while processing Bellwright/Content/Mist/Data/Codex/Lore/Notes/ForeignCountriesLetters/AmarukBorderReportCodexEntry.uasset: Package has unversioned properties but mapping file is missing, can't serialize
[ERR] Error while processing Bellwright/Content/Mist/Data/Crafting/Categories/TownBuilding/AdvancedCartStation.uasset: Package has unversioned properties but mapping file is missing, can't serialize
[ERR] Error while processing Bellwright/Content/Mist/Data/TechTree/Gear/Weapons/T0/ShortBattleAxe.uasset: Package has unversioned properties but mapping file is missing, can't serialize
[ERR] Error while processing Bellwright/Content/Mist/Data/ConstructionSite/Elements/Tier2/FabricRoof.uasset: Package has unversioned properties but mapping file is missing, can't serialize
[ERR] Error while processing Bellwright/Content/Mist/Data/Items/Loot/RaidMap/BlueSky/Bluesky_LootTemplate.uasset: Package has unversioned properties but mapping file is missing, can't serialize
[ERR] Error while processing Bellwright/Content/Mist/Data/Codex/Lore/Notes/ForeignCountriesLetters/AlderekTradeRoutesCodexEntry.uasset: Package has unversioned properties but mapping file is missing, can't serialize
[ERR] Error while processing Bellwright/Content/Mist/Data/Quests/RaidMap/FairDeal/FairDealQuest_TalkToGuillermo2.uasset: Package has unversioned properties but mapping file is missing, can't serialize
[ERR] Error while processing Bellwright/Content/Mist/Data/Items/KnowledgeBooks/Strength/Strength_KnowledgeBook_4.uasset: Package has unversioned properties but mapping file is missing, can't serialize
[ERR] Error while processing Bellwright/Content/Mist/Data/TechTree/Gear/Weapons/T0/SimpleArrow.uasset: Package has unversioned properties but mapping file is missing, can't serialize
[ERR] Error while processing Bellwright/Content/Mist/Data/Crafting/Categories/TownBuilding/AdvancedGear.uasset: Package has unversioned properties but mapping file is missing, can't serialize
[ERR] Error while processing Bellwright/Content/Mist/Data/Placeables/Decorations/PitBench.uasset: Package has unversioned properties but mapping file is missing, can't serialize
[ERR] Error while processing Bellwright/Content/Mist/Data/Items/Loot/RaidMap/Generic/HiddenTreasureChest_LootTemplate.uasset: Package has unversioned properties but mapping file is missing, can't serialize
[ERR] Error while processing Bellwright/Content/Mist/Data/ConstructionSite/Elements/Tier2/FakeNailsLogs.uasset: Package has unversioned properties but mapping file is missing, can't serialize
[ERR] Error while processing Bellwright/Content/Mist/Data/Quests/MainQuest/BurningStove/RescueQuest_Chain3/MainQuestBurningStove_TalkToRebel_3.uasset: Package has unversioned properties but mapping file is missing, can't serialize
[ERR] Error while processing Bellwright/Content/Mist/Data/Codex/Lore/Notes/CultPart3/CultLeaderNote_CodexEntry.uasset: Package has unversioned properties but mapping file is missing, can't serialize
[ERR] Error while processing Bellwright/Content/Mist/Data/Items/KnowledgeBooks/Strength/Strength_KnowledgeBook_1.uasset: Package has unversioned properties but mapping file is missing, can't serialize
[ERR] Error while processing Bellwright/Content/Mist/Data/Crafting/Categories/TownBuilding/WaterMill.uasset: Package has unversioned properties but mapping file is missing, can't serialize
[ERR] Error while processing Bellwright/Content/Mist/Data/Quests/RaidMap/FairDeal/FairDealQuest_TalkToIsandro.uasset: Package has unversioned properties but mapping file is missing, can't serialize
[ERR] Error while processing Bellwright/Content/Mist/Data/Items/Loot/RaidMap/Generic/SmallTreasureChest_LootTemplate.uasset: Package has unversioned properties but mapping file is missing, can't serialize
[ERR] Error while processing Bellwright/Content/Mist/Data/TechTree/Gear/Weapons/T0/Cleaver.uasset: Package has unversioned properties but mapping file is missing, can't serialize
[ERR] Error while processing Bellwright/Content/Mist/Data/Quests/MainQuest/BurningStove/RescueQuest_Chain3/BurningStove_FreeBelindaPrisonerBeforeQuest.uasset: Package has unversioned properties but mapping file is missing, can't serialize
[ERR] Error while processing Bellwright/Content/Mist/Data/ConstructionSite/Elements/Tier2/HardPlankSticks.uasset: Package has unversioned properties but mapping file is missing, can't serialize
[ERR] Error while processing Bellwright/Content/Mist/Data/Codex/Lore/Notes/CultPart3/CultDeadBody_CodexEntry.uasset: Package has unversioned properties but mapping file is missing, can't serialize
[ERR] Error while processing Bellwright/Content/Mist/Data/Placeables/Decorations/Test2.uasset: Package has unversioned properties but mapping file is missing, can't serialize
[ERR] Error while processing Bellwright/Content/Mist/Data/Items/KnowledgeBooks/Strength/StrengthKnowledgeStatusEffect_5.uasset: Package has unversioned properties but mapping file is missing, can't serialize
[ERR] Error while processing Bellwright/Content/Mist/Data/Crafting/Categories/TownBuilding/BasicGear.uasset: Package has unversioned properties but mapping file is missing, can't serialize
[ERR] Error while processing Bellwright/Content/Mist/Data/Quests/RaidMap/FairDeal/FairDealQuest_EscortGuillermo.uasset: Package has unversioned properties but mapping file is missing, can't serialize
[ERR] Error while processing Bellwright/Content/Mist/Data/TechTree/Gear/Weapons/T0/BronzeFalchion.uasset: Package has unversioned properties but mapping file is missing, can't serialize
[ERR] Error while processing Bellwright/Content/Mist/Data/Items/Loot/RaidMap/Generic/MediumTreasureChest_LootTemplate.uasset: Package has unversioned properties but mapping file is missing, can't serialize
[ERR] Error while processing Bellwright/Content/Mist/Data/Quests/MainQuest/BurningStove/RescueQuest_Chain2/MainQuestBurningStove_TalkToRescuedNpc_2.uasset: Package has unversioned properties but mapping file is missing, can't serialize
[ERR] Error while processing Bellwright/Content/Mist/Data/Codex/Lore/Notes/CultPart3/CultResearcherDeadBody_CodexEntry.uasset: Package has unversioned properties but mapping file is missing, can't serialize
[ERR] Error while processing Bellwright/Content/Mist/Data/Crafting/Categories/TownBuilding/CoalBurner.uasset: Package has unversioned properties but mapping file is missing, can't serialize
[ERR] Error while processing Bellwright/Content/Mist/Data/Placeables/Decorations/BucketWithMetalHandle.uasset: Package has unversioned properties but mapping file is missing, can't serialize
[ERR] Error while processing Bellwright/Content/Mist/Data/Quests/RaidMap/FairDeal/FairDealQuest_KillGuillermo.uasset: Package has unversioned properties but mapping file is missing, can't serialize
[ERR] Error while processing Bellwright/Content/Mist/Data/Items/Loot/RaidMap/Generic/BigTreasureChest_LootTemplate.uasset: Package has unversioned properties but mapping file is missing, can't serialize
[ERR] Error while processing Bellwright/Content/Mist/Data/TechTree/Gear/Weapons/T0/BronzeMace.uasset: Package has unversioned properties but mapping file is missing, can't serialize
[ERR] Error while processing Bellwright/Content/Mist/Data/Codex/Lore/Notes/CultPart3/CultVilligeAltar_CodexEntry.uasset: Package has unversioned properties but mapping file is missing, can't serialize
[ERR] Error while processing Bellwright/Content/Mist/Data/Items/KnowledgeBooks/Strength/StrengthKnowledgeStatusEffect_1.uasset: Package has unversioned properties but mapping file is missing, can't serialize
[ERR] Error while processing Bellwright/Content/Mist/Data/Placeables/Decorations/LogCuttingStation.uasset: Package has unversioned properties but mapping file is missing, can't serialize
[ERR] Error while processing Bellwright/Content/Mist/Data/Crafting/Categories/TownBuilding/CartStation.uasset: Package has unversioned properties but mapping file is missing, can't serialize
[ERR] Error while processing Bellwright/Content/Mist/Data/TechTree/Gear/Weapons/T0/ShortSword.uasset: Package has unversioned properties but mapping file is missing, can't serialize
[ERR] Error while processing Bellwright/Content/Mist/Data/Quests/RaidMap/FairDeal/FairDealQuest_TalkToDesiderio.uasset: Package has unversioned properties but mapping file is missing, can't serialize
[ERR] Error while processing Bellwright/Content/Mist/Data/ConstructionSite/Elements/Tier2/HardPlank.uasset: Package has unversioned properties but mapping file is missing, can't serialize
[ERR] Error while processing Bellwright/Content/Mist/Data/Codex/Lore/Notes/StateChurch/LetterfromaPilgrimCodexEntry.uasset: Package has unversioned properties but mapping file is missing, can't serialize
[ERR] Error while processing Bellwright/Content/Mist/Data/Placeables/Decorations/Grave.uasset: Package has unversioned properties but mapping file is missing, can't serialize
[ERR] Error while processing Bellwright/Content/Mist/Data/Items/Loot/RaidMap/TheBladeComesDown/TheBladeComesDown_Key_LootTemplate.uasset: Package has unversioned properties but mapping file is missing, can't serialize
[ERR] Error while processing Bellwright/Content/Mist/Data/Crafting/Categories/TownBuilding/AdvancedWeapons.uasset: Package has unversioned properties but mapping file is missing, can't serialize
[ERR] Error while processing Bellwright/Content/Mist/Data/Codex/Lore/Notes/StateChurch/DiaryofHospitallerIdaCodexEntry.uasset: Package has unversioned properties but mapping file is missing, can't serialize
[ERR] Error while processing Bellwright/Content/Mist/Data/ConstructionSite/Elements/Tier2/HardwoodPlankCircle.uasset: Package has unversioned properties but mapping file is missing, can't serialize
[ERR] Error while processing Bellwright/Content/Mist/Data/TechTree/Gear/Weapons/T0/Warhammer.uasset: Package has unversioned properties but mapping file is missing, can't serialize
[ERR] Error while processing Bellwright/Content/Mist/Data/Placeables/Decorations/KranekShrine.uasset: Package has unversioned properties but mapping file is missing, can't serialize
[ERR] Error while processing Bellwright/Content/Mist/Data/Quests/MainQuest/BurningStove/RescueQuest_Chain2/MainQuestBurningStove_TalkToRebel_2.uasset: Package has unversioned properties but mapping file is missing, can't serialize
[ERR] Error while processing Bellwright/Content/Mist/Data/Items/Loot/RaidMap/Halmayan/HalmayanShielder_NpcLootTemplate.uasset: Package has unversioned properties but mapping file is missing, can't serialize
[ERR] Error while processing Bellwright/Content/Mist/Data/Npcs/Talk/QuestId.uasset: Package has unversioned properties but mapping file is missing, can't serialize
[ERR] Error while processing Bellwright/Content/Mist/Data/ConstructionSite/Elements/Tier2/HardwoodLogHorizontal_Bark.uasset: Package has unversioned properties but mapping file is missing, can't serialize
[ERR] Error while processing Bellwright/Content/Mist/Data/Crafting/Categories/TownBuilding/BasicTools.uasset: Package has unversioned properties but mapping file is missing, can't serialize
[ERR] Error while processing Bellwright/Content/Mist/Data/Placeables/Decorations/SmallClosedBasket.uasset: Package has unversioned properties but mapping file is missing, can't serialize
[ERR] Error while processing Bellwright/Content/Mist/Data/Codex/Lore/Notes/StateChurch/InquisitorialReportCodexEntry.uasset: Package has unversioned properties but mapping file is missing, can't serialize
[ERR] Error while processing Bellwright/Content/Mist/Data/Items/Loot/RaidMap/Halmayan/HalmayanHeavy_NpcLootTemplate.uasset: Package has unversioned properties but mapping file is missing, can't serialize
[ERR] Error while processing Bellwright/Content/Mist/Data/Items/KnowledgeBooks/Strength/Strength_KnowledgeBook_3.uasset: Package has unversioned properties but mapping file is missing, can't serialize
[ERR] Error while processing Bellwright/Content/Mist/Data/TechTree/Gear/Weapons/T0/PrimitiveClub.uasset: Package has unversioned properties but mapping file is missing, can't serialize
[ERR] Error while processing Bellwright/Content/Mist/Data/Crafting/Categories/TownBuilding/AdvancedHelmets.uasset: Package has unversioned properties but mapping file is missing, can't serialize
[ERR] Error while processing Bellwright/Content/Mist/Data/Items/Loot/RaidMap/Halmayan/HalmayanMelee_NpcLootTemplate.uasset: Package has unversioned properties but mapping file is missing, can't serialize
[ERR] Error while processing Bellwright/Content/Mist/Data/Codex/Lore/Notes/StateChurch/ExcerptChronicleCodexEntry.uasset: Package has unversioned properties but mapping file is missing, can't serialize
[ERR] Error while processing Bellwright/Content/Mist/Data/ConstructionSite/Elements/Tier2/T2_GateDoorLog.uasset: Package has unversioned properties but mapping file is missing, can't serialize
[ERR] Error while processing Bellwright/Content/Mist/Data/Items/KnowledgeBooks/Strength/Strength_KnowledgeBook_5.uasset: Package has unversioned properties but mapping file is missing, can't serialize
[ERR] Error while processing Bellwright/Content/Mist/Data/Placeables/Decorations/ScarecrowWithHat.uasset: Package has unversioned properties but mapping file is missing, can't serialize
[ERR] Error while processing Bellwright/Content/Mist/Data/Npcs/Talk/TrustRewardTiers.uasset: Package has unversioned properties but mapping file is missing, can't serialize
[ERR] Error while processing Bellwright/Content/Mist/Data/TechTree/Gear/Weapons/T0/Pitchfork.uasset: Package has unversioned properties but mapping file is missing, can't serialize
[ERR] Error while processing Bellwright/Content/Mist/Data/Crafting/Categories/TownBuilding/Workshop.uasset: Package has unversioned properties but mapping file is missing, can't serialize
[ERR] Error while processing Bellwright/Content/Mist/Data/Codex/Lore/Notes/Propaganda/ThreatPropagandaCodexEntry.uasset: Package has unversioned properties but mapping file is missing, can't serialize
[ERR] Error while processing Bellwright/Content/Mist/Data/Items/Loot/RaidMap/Halmayan/HalmayanRanged_NpcLootTemplate.uasset: Package has unversioned properties but mapping file is missing, can't serialize
[ERR] Error while processing Bellwright/Content/Mist/Data/ConstructionSite/Elements/Tier2/StairStilts.uasset: Package has unversioned properties but mapping file is missing, can't serialize
[ERR] Error while processing Bellwright/Content/Mist/Data/Items/KnowledgeBooks/Strength/StrengthKnowledgeStatusEffect_4.uasset: Package has unversioned properties but mapping file is missing, can't serialize
[ERR] Error while processing Bellwright/Content/Mist/Data/Quests/MainQuest/BurningStove/RescueQuest_Chain2/BurningStove_FreeBriscoPrisonerBeforeQuest.uasset: Package has unversioned properties but mapping file is missing, can't serialize
[ERR] Error while processing Bellwright/Content/Mist/Data/Placeables/Decorations/Gallow.uasset: Package has unversioned properties but mapping file is missing, can't serialize
[ERR] Error while processing Bellwright/Content/Mist/Data/TechTree/Gear/Weapons/T0/WoodcuttersAxe.uasset: Package has unversioned properties but mapping file is missing, can't serialize
[ERR] Error while processing Bellwright/Content/Mist/Data/Codex/Lore/Notes/Propaganda/BetrayersPropagandaCodexEntry.uasset: Package has unversioned properties but mapping file is missing, can't serialize
[ERR] Error while processing Bellwright/Content/Mist/Data/Crafting/Categories/TownBuilding/Distillery.uasset: Package has unversioned properties but mapping file is missing, can't serialize
[ERR] Error while processing Bellwright/Content/Mist/Data/Items/Loot/RaidMap/Halmayan/HalmayanRangedCrossbow_NpcLootTemplate.uasset: Package has unversioned properties but mapping file is missing, can't serialize
[ERR] Error while processing Bellwright/Content/Mist/Data/ConstructionSite/Elements/Tier2/HardWoodLongFlat.uasset: Package has unversioned properties but mapping file is missing, can't serialize
[ERR] Error while processing Bellwright/Cont